image_id,image,split,subset
IDRiD_001,B. Disease Grading/B. Disease Grading/1. Original Images/a. Training Set/IDRiD_001.jpg,train,grading
IDRiD_001,B. Disease Grading/B. Disease Grading/1. Original Images/b. Testing Set/IDRiD_001.jpg,test,grading
IDRiD_002,B. Disease Grading/B. Disease Grading/1. Original Images/a. Training Set/IDRiD_002.jpg,train,grading
IDRiD_002,B. Disease Grading/B. Disease Grading/1. Original Images/b. Testing Set/IDRiD_002.jpg,test,grading
IDRiD_003,B. Disease Grading/B. Disease Grading/1. Original Images/a. Training Set/IDRiD_003.jpg,train,grading
IDRiD_003,B. Disease Grading/B. Disease Grading/1. Original Images/b. Testing Set/IDRiD_003.jpg,test,grading
IDRiD_004,B. Disease Grading/B. Disease Grading/1. Original Images/a. Training Set/IDRiD_004.jpg,train,grading
IDRiD_004,B. Disease Grading/B. Disease Grading/1. Original Images/b. Testing Set/IDRiD_004.jpg,test,grading
IDRiD_005,B. Disease Grading/B. Disease Grading/1. Original Images/a. Training Set/IDRiD_005.jpg,train,grading
IDRiD_005,B. Disease Grading/B. Disease Grading/1. Original Images/b. Testing Set/IDRiD_005.jpg,test,grading
IDRiD_006,B. Disease Grading/B. Disease Grading/1. Original Images/a. Training Set/IDRiD_006.jpg,train,grading
IDRiD_006,B. Disease Grading/B. Disease Grading/1. Original Images/b. Testing Set/IDRiD_006.jpg,test,grading
IDRiD_007,B. Disease Grading/B. Disease Grading/1. Original Images/a. Training Set/IDRiD_007.jpg,train,grading
IDRiD_007,B. Disease Grading/B. Disease Grading/1. Original Images/b. Testing Set/IDRiD_007.jpg,test,grading
IDRiD_008,B. Disease Grading/B. Disease Grading/1. Original Images/a. Training Set/IDRiD_008.jpg,train,grading
IDRiD_008,B. Disease Grading/B. Disease Grading/1. Original Images/b. Testing Set/IDRiD_008.jpg,test,grading
IDRiD_009,B. Disease Grading/B. Disease Grading/1. Original Images/a. Training Set/IDRiD_009.jpg,train,grading
IDRiD_009,B. Disease Grading/B. Disease Grading/1. Original Images/b. Testing Set/IDRiD_009.jpg,test,grading
IDRiD_010,B. Disease Grading/B. Disease Grading/1. Original Images/a. Training Set/IDRiD_010.jpg,train,grading
IDRiD_010,B. Disease Grading/B. Disease Grading/1. Original Images/b. Testing Set/IDRiD_010.jpg,test,grading
IDRiD_011,B. Disease Grading/B. Disease Grading/1. Original Images/a. Training Set/IDRiD_011.jpg,train,grading
IDRiD_011,B. Disease Grading/B. Disease Grading/1. Original Images/b. Testing Set/IDRiD_011.jpg,test,grading
IDRiD_012,B. Disease Grading/B. Disease Grading/1. Original Images/a. Training Set/IDRiD_012.jpg,train,grading
IDRiD_012,B. Disease Grading/B. Disease Grading/1. Original Images/b. Testing Set/IDRiD_012.jpg,test,grading
IDRiD_013,B. Disease Grading/B. Disease Grading/1. Original Images/a. Training Set/IDRiD_013.jpg,train,grading
IDRiD_013,B. Disease Grading/B. Disease Grading/1. Original Images/b. Testing Set/IDRiD_013.jpg,test,grading
IDRiD_014,B. Disease Grading/B. Disease Grading/1. Original Images/a. Training Set/IDRiD_014.jpg,train,grading
IDRiD_014,B. Disease Grading/B. Disease Grading/1. Original Images/b. Testing Set/IDRiD_014.jpg,test,grading
IDRiD_015,B. Disease Grading/B. Disease Grading/1. Original Images/a. Training Set/IDRiD_015.jpg,train,grading
IDRiD_015,B. Disease Grading/B. Disease Grading/1. Original Images/b. Testing Set/IDRiD_015.jpg,test,grading
IDRiD_016,B. Disease Grading/B. Disease Grading/1. Original Images/a. Training Set/IDRiD_016.jpg,train,grading
IDRiD_016,B. Disease Grading/B. Disease Grading/1. Original Images/b. Testing Set/IDRiD_016.jpg,test,grading
IDRiD_017,B. Disease Grading/B. Disease Grading/1. Original Images/a. Training Set/IDRiD_017.jpg,train,grading
IDRiD_017,B. Disease Grading/B. Disease Grading/1. Original Images/b. Testing Set/IDRiD_017.jpg,test,grading
IDRiD_018,B. Disease Grading/B. Disease Grading/1. Original Images/a. Training Set/IDRiD_018.jpg,train,grading
IDRiD_018,B. Disease Grading/B. Disease Grading/1. Original Images/b. Testing Set/IDRiD_018.jpg,test,grading
IDRiD_019,B. Disease Grading/B. Disease Grading/1. Original Images/a. Training Set/IDRiD_019.jpg,train,grading
IDRiD_019,B. Disease Grading/B. Disease Grading/1. Original Images/b. Testing Set/IDRiD_019.jpg,test,grading
IDRiD_020,B. Disease Grading/B. Disease Grading/1. Original Images/a. Training Set/IDRiD_020.jpg,train,grading
IDRiD_020,B. Disease Grading/B. Disease Grading/1. Original Images/b. Testing Set/IDRiD_020.jpg,test,grading
IDRiD_021,B. Disease Grading/B. Disease Grading/1. Original Images/a. Training Set/IDRiD_021.jpg,train,grading
IDRiD_021,B. Disease Grading/B. Disease Grading/1. Original Images/b. Testing Set/IDRiD_021.jpg,test,grading
IDRiD_022,B. Disease Grading/B. Disease Grading/1. Original Images/a. Training Set/IDRiD_022.jpg,train,grading
IDRiD_022,B. Disease Grading/B. Disease Grading/1. Original Images/b. Testing Set/IDRiD_022.jpg,test,grading
IDRiD_023,B. Disease Grading/B. Disease Grading/1. Original Images/a. Training Set/IDRiD_023.jpg,train,grading
IDRiD_023,B. Disease Grading/B. Disease Grading/1. Original Images/b. Testing Set/IDRiD_023.jpg,test,grading
IDRiD_024,B. Disease Grading/B. Disease Grading/1. Original Images/a. Training Set/IDRiD_024.jpg,train,grading
IDRiD_024,B. Disease Grading/B. Disease Grading/1. Original Images/b. Testing Set/IDRiD_024.jpg,test,grading
IDRiD_025,B. Disease Grading/B. Disease Grading/1. Original Images/a. Training Set/IDRiD_025.jpg,train,grading
IDRiD_025,B. Disease Grading/B. Disease Grading/1. Original Images/b. Testing Set/IDRiD_025.jpg,test,grading
IDRiD_026,B. Disease Grading/B. Disease Grading/1. Original Images/a. Training Set/IDRiD_026.jpg,train,grading
IDRiD_026,B. Disease Grading/B. Disease Grading/1. Original Images/b. Testing Set/IDRiD_026.jpg,test,grading
IDRiD_027,B. Disease Grading/B. Disease Grading/1. Original Images/a. Training Set/IDRiD_027.jpg,train,grading
IDRiD_027,B. Disease Grading/B. Disease Grading/1. Original Images/b. Testing Set/IDRiD_027.jpg,test,grading
IDRiD_028,B. Disease Grading/B. Disease Grading/1. Original Images/a. Training Set/IDRiD_028.jpg,train,grading
IDRiD_028,B. Disease Grading/B. Disease Grading/1. Original Images/b. Testing Set/IDRiD_028.jpg,test,grading
IDRiD_029,B. Disease Grading/B. Disease Grading/1. Original Images/a. Training Set/IDRiD_029.jpg,train,grading
IDRiD_029,B. Disease Grading/B. Disease Grading/1. Original Images/b. Testing Set/IDRiD_029.jpg,test,grading
IDRiD_030,B. Disease Grading/B. Disease Grading/1. Original Images/a. Training Set/IDRiD_030.jpg,train,grading
IDRiD_030,B. Disease Grading/B. Disease Grading/1. Original Images/b. Testing Set/IDRiD_030.jpg,test,grading
IDRiD_031,B. Disease Grading/B. Disease Grading/1. Original Images/a. Training Set/IDRiD_031.jpg,train,grading
IDRiD_031,B. Disease Grading/B. Disease Grading/1. Original Images/b. Testing Set/IDRiD_031.jpg,test,grading
IDRiD_032,B. Disease Grading/B. Disease Grading/1. Original Images/a. Training Set/IDRiD_032.jpg,train,grading
IDRiD_032,B. Disease Grading/B. Disease Grading/1. Original Images/b. Testing Set/IDRiD_032.jpg,test,grading
IDRiD_033,B. Disease Grading/B. Disease Grading/1. Original Images/a. Training Set/IDRiD_033.jpg,train,grading
IDRiD_033,B. Disease Grading/B. Disease Grading/1. Original Images/b. Testing Set/IDRiD_033.jpg,test,grading
IDRiD_034,B. Disease Grading/B. Disease Grading/1. Original Images/a. Training Set/IDRiD_034.jpg,train,grading
IDRiD_034,B. Disease Grading/B. Disease Grading/1. Original Images/b. Testing Set/IDRiD_034.jpg,test,grading
IDRiD_035,B. Disease Grading/B. Disease Grading/1. Original Images/a. Training Set/IDRiD_035.jpg,train,grading
IDRiD_035,B. Disease Grading/B. Disease Grading/1. Original Images/b. Testing Set/IDRiD_035.jpg,test,grading
IDRiD_036,B. Disease Grading/B. Disease Grading/1. Original Images/a. Training Set/IDRiD_036.jpg,train,grading
IDRiD_036,B. Disease Grading/B. Disease Grading/1. Original Images/b. Testing Set/IDRiD_036.jpg,test,grading
IDRiD_037,B. Disease Grading/B. Disease Grading/1. Original Images/a. Training Set/IDRiD_037.jpg,train,grading
IDRiD_037,B. Disease Grading/B. Disease Grading/1. Original Images/b. Testing Set/IDRiD_037.jpg,test,grading
IDRiD_038,B. Disease Grading/B. Disease Grading/1. Original Images/a. Training Set/IDRiD_038.jpg,train,grading
IDRiD_038,B. Disease Grading/B. Disease Grading/1. Original Images/b. Testing Set/IDRiD_038.jpg,test,grading
IDRiD_039,B. Disease Grading/B. Disease Grading/1. Original Images/a. Training Set/IDRiD_039.jpg,train,grading
IDRiD_039,B. Disease Grading/B. Disease Grading/1. Original Images/b. Testing Set/IDRiD_039.jpg,test,grading
IDRiD_040,B. Disease Grading/B. Disease Grading/1. Original Images/a. Training Set/IDRiD_040.jpg,train,grading
IDRiD_040,B. Disease Grading/B. Disease Grading/1. Original Images/b. Testing Set/IDRiD_040.jpg,test,grading
IDRiD_041,B. Disease Grading/B. Disease Grading/1. Original Images/a. Training Set/IDRiD_041.jpg,train,grading
IDRiD_041,B. Disease Grading/B. Disease Grading/1. Original Images/b. Testing Set/IDRiD_041.jpg,test,grading
IDRiD_042,B. Disease Grading/B. Disease Grading/1. Original Images/a. Training Set/IDRiD_042.jpg,train,grading
IDRiD_042,B. Disease Grading/B. Disease Grading/1. Original Images/b. Testing Set/IDRiD_042.jpg,test,grading
IDRiD_043,B. Disease Grading/B. Disease Grading/1. Original Images/a. Training Set/IDRiD_043.jpg,train,grading
IDRiD_043,B. Disease Grading/B. Disease Grading/1. Original Images/b. Testing Set/IDRiD_043.jpg,test,grading
IDRiD_044,B. Disease Grading/B. Disease Grading/1. Original Images/a. Training Set/IDRiD_044.jpg,train,grading
IDRiD_044,B. Disease Grading/B. Disease Grading/1. Original Images/b. Testing Set/IDRiD_044.jpg,test,grading
IDRiD_045,B. Disease Grading/B. Disease Grading/1. Original Images/a. Training Set/IDRiD_045.jpg,train,grading
IDRiD_045,B. Disease Grading/B. Disease Grading/1. Original Images/b. Testing Set/IDRiD_045.jpg,test,grading
IDRiD_046,B. Disease Grading/B. Disease Grading/1. Original Images/a. Training Set/IDRiD_046.jpg,train,grading
IDRiD_046,B. Disease Grading/B. Disease Grading/1. Original Images/b. Testing Set/IDRiD_046.jpg,test,grading
IDRiD_047,B. Disease Grading/B. Disease Grading/1. Original Images/a. Training Set/IDRiD_047.jpg,train,grading
IDRiD_047,B. Disease Grading/B. Disease Grading/1. Original Images/b. Testing Set/IDRiD_047.jpg,test,grading
IDRiD_048,B. Disease Grading/B. Disease Grading/1. Original Images/a. Training Set/IDRiD_048.jpg,train,grading
IDRiD_048,B. Disease Grading/B. Disease Grading/1. Original Images/b. Testing Set/IDRiD_048.jpg,test,grading
IDRiD_049,B. Disease Grading/B. Disease Grading/1. Original Images/a. Training Set/IDRiD_049.jpg,train,grading
IDRiD_049,B. Disease Grading/B. Disease Grading/1. Original Images/b. Testing Set/IDRiD_049.jpg,test,grading
IDRiD_050,B. Disease Grading/B. Disease Grading/1. Original Images/a. Training Set/IDRiD_050.jpg,train,grading
IDRiD_050,B. Disease Grading/B. Disease Grading/1. Original Images/b. Testing Set/IDRiD_050.jpg,test,grading
IDRiD_051,B. Disease Grading/B. Disease Grading/1. Original Images/a. Training Set/IDRiD_051.jpg,train,grading
IDRiD_051,B. Disease Grading/B. Disease Grading/1. Original Images/b. Testing Set/IDRiD_051.jpg,test,grading
IDRiD_052,B. Disease Grading/B. Disease Grading/1. Original Images/a. Training Set/IDRiD_052.jpg,train,grading
IDRiD_052,B. Disease Grading/B. Disease Grading/1. Original Images/b. Testing Set/IDRiD_052.jpg,test,grading
IDRiD_053,B. Disease Grading/B. Disease Grading/1. Original Images/a. Training Set/IDRiD_053.jpg,train,grading
IDRiD_053,B. Disease Grading/B. Disease Grading/1. Original Images/b. Testing Set/IDRiD_053.jpg,test,grading
IDRiD_054,B. Disease Grading/B. Disease Grading/1. Original Images/a. Training Set/IDRiD_054.jpg,train,grading
IDRiD_054,B. Disease Grading/B. Disease Grading/1. Original Images/b. Testing Set/IDRiD_054.jpg,test,grading
IDRiD_055,B. Disease Grading/B. Disease Grading/1. Original Images/a. Training Set/IDRiD_055.jpg,train,grading
IDRiD_055,B. Disease Grading/B. Disease Grading/1. Original Images/b. Testing Set/IDRiD_055.jpg,test,grading
IDRiD_056,B. Disease Grading/B. Disease Grading/1. Original Images/a. Training Set/IDRiD_056.jpg,train,grading
IDRiD_056,B. Disease Grading/B. Disease Grading/1. Original Images/b. Testing Set/IDRiD_056.jpg,test,grading
IDRiD_057,B. Disease Grading/B. Disease Grading/1. Original Images/a. Training Set/IDRiD_057.jpg,train,grading
IDRiD_057,B. Disease Grading/B. Disease Grading/1. Original Images/b. Testing Set/IDRiD_057.jpg,test,grading
IDRiD_058,B. Disease Grading/B. Disease Grading/1. Original Images/a. Training Set/IDRiD_058.jpg,train,grading
IDRiD_058,B. Disease Grading/B. Disease Grading/1. Original Images/b. Testing Set/IDRiD_058.jpg,test,grading
IDRiD_059,B. Disease Grading/B. Disease Grading/1. Original Images/a. Training Set/IDRiD_059.jpg,train,grading
IDRiD_059,B. Disease Grading/B. Disease Grading/1. Original Images/b. Testing Set/IDRiD_059.jpg,test,grading
IDRiD_060,B. Disease Grading/B. Disease Grading/1. Original Images/a. Training Set/IDRiD_060.jpg,train,grading
IDRiD_060,B. Disease Grading/B. Disease Grading/1. Original Images/b. Testing Set/IDRiD_060.jpg,test,grading
IDRiD_061,B. Disease Grading/B. Disease Grading/1. Original Images/a. Training Set/IDRiD_061.jpg,train,grading
IDRiD_061,B. Disease Grading/B. Disease Grading/1. Original Images/b. Testing Set/IDRiD_061.jpg,test,grading
IDRiD_062,B. Disease Grading/B. Disease Grading/1. Original Images/a. Training Set/IDRiD_062.jpg,train,grading
IDRiD_062,B. Disease Grading/B. Disease Grading/1. Original Images/b. Testing Set/IDRiD_062.jpg,test,grading
IDRiD_063,B. Disease Grading/B. Disease Grading/1. Original Images/a. Training Set/IDRiD_063.jpg,train,grading
IDRiD_063,B. Disease Grading/B. Disease Grading/1. Original Images/b. Testing Set/IDRiD_063.jpg,test,grading
IDRiD_064,B. Disease Grading/B. Disease Grading/1. Original Images/a. Training Set/IDRiD_064.jpg,train,grading
IDRiD_064,B. Disease Grading/B. Disease Grading/1. Original Images/b. Testing Set/IDRiD_064.jpg,test,grading
IDRiD_065,B. Disease Grading/B. Disease Grading/1. Original Images/a. Training Set/IDRiD_065.jpg,train,grading
IDRiD_065,B. Disease Grading/B. Disease Grading/1. Original Images/b. Testing Set/IDRiD_065.jpg,test,grading
IDRiD_066,B. Disease Grading/B. Disease Grading/1. Original Images/a. Training Set/IDRiD_066.jpg,train,grading
IDRiD_066,B. Disease Grading/B. Disease Grading/1. Original Images/b. Testing Set/IDRiD_066.jpg,test,grading
IDRiD_067,B. Disease Grading/B. Disease Grading/1. Original Images/a. Training Set/IDRiD_067.jpg,train,grading
IDRiD_067,B. Disease Grading/B. Disease Grading/1. Original Images/b. Testing Set/IDRiD_067.jpg,test,grading
IDRiD_068,B. Disease Grading/B. Disease Grading/1. Original Images/a. Training Set/IDRiD_068.jpg,train,grading
IDRiD_068,B. Disease Grading/B. Disease Grading/1. Original Images/b. Testing Set/IDRiD_068.jpg,test,grading
IDRiD_069,B. Disease Grading/B. Disease Grading/1. Original Images/a. Training Set/IDRiD_069.jpg,train,grading
IDRiD_069,B. Disease Grading/B. Disease Grading/1. Original Images/b. Testing Set/IDRiD_069.jpg,test,grading
IDRiD_070,B. Disease Grading/B. Disease Grading/1. Original Images/a. Training Set/IDRiD_070.jpg,train,grading
IDRiD_070,B. Disease Grading/B. Disease Grading/1. Original Images/b. Testing Set/IDRiD_070.jpg,test,grading
IDRiD_071,B. Disease Grading/B. Disease Grading/1. Original Images/a. Training Set/IDRiD_071.jpg,train,grading
IDRiD_071,B. Disease Grading/B. Disease Grading/1. Original Images/b. Testing Set/IDRiD_071.jpg,test,grading
IDRiD_072,B. Disease Grading/B. Disease Grading/1. Original Images/a. Training Set/IDRiD_072.jpg,train,grading
IDRiD_072,B. Disease Grading/B. Disease Grading/1. Original Images/b. Testing Set/IDRiD_072.jpg,test,grading
IDRiD_073,B. Disease Grading/B. Disease Grading/1. Original Images/a. Training Set/IDRiD_073.jpg,train,grading
IDRiD_073,B. Disease Grading/B. Disease Grading/1. Original Images/b. Testing Set/IDRiD_073.jpg,test,grading
IDRiD_074,B. Disease Grading/B. Disease Grading/1. Original Images/a. Training Set/IDRiD_074.jpg,train,grading
IDRiD_074,B. Disease Grading/B. Disease Grading/1. Original Images/b. Testing Set/IDRiD_074.jpg,test,grading
IDRiD_075,B. Disease Grading/B. Disease Grading/1. Original Images/a. Training Set/IDRiD_075.jpg,train,grading
IDRiD_075,B. Disease Grading/B. Disease Grading/1. Original Images/b. Testing Set/IDRiD_075.jpg,test,grading
IDRiD_076,B. Disease Grading/B. Disease Grading/1. Original Images/a. Training Set/IDRiD_076.jpg,train,grading
IDRiD_076,B. Disease Grading/B. Disease Grading/1. Original Images/b. Testing Set/IDRiD_076.jpg,test,grading
IDRiD_077,B. Disease Grading/B. Disease Grading/1. Original Images/a. Training Set/IDRiD_077.jpg,train,grading
IDRiD_077,B. Disease Grading/B. Disease Grading/1. Original Images/b. Testing Set/IDRiD_077.jpg,test,grading
IDRiD_078,B. Disease Grading/B. Disease Grading/1. Original Images/a. Training Set/IDRiD_078.jpg,train,grading
IDRiD_078,B. Disease Grading/B. Disease Grading/1. Original Images/b. Testing Set/IDRiD_078.jpg,test,grading
IDRiD_079,B. Disease Grading/B. Disease Grading/1. Original Images/a. Training Set/IDRiD_079.jpg,train,grading
IDRiD_079,B. Disease Grading/B. Disease Grading/1. Original Images/b. Testing Set/IDRiD_079.jpg,test,grading
IDRiD_080,B. Disease Grading/B. Disease Grading/1. Original Images/a. Training Set/IDRiD_080.jpg,train,grading
IDRiD_080,B. Disease Grading/B. Disease Grading/1. Original Images/b. Testing Set/IDRiD_080.jpg,test,grading
IDRiD_081,B. Disease Grading/B. Disease Grading/1. Original Images/a. Training Set/IDRiD_081.jpg,train,grading
IDRiD_081,B. Disease Grading/B. Disease Grading/1. Original Images/b. Testing Set/IDRiD_081.jpg,test,grading
IDRiD_082,B. Disease Grading/B. Disease Grading/1. Original Images/a. Training Set/IDRiD_082.jpg,train,grading
IDRiD_082,B. Disease Grading/B. Disease Grading/1. Original Images/b. Testing Set/IDRiD_082.jpg,test,grading
IDRiD_083,B. Disease Grading/B. Disease Grading/1. Original Images/a. Training Set/IDRiD_083.jpg,train,grading
IDRiD_083,B. Disease Grading/B. Disease Grading/1. Original Images/b. Testing Set/IDRiD_083.jpg,test,grading
IDRiD_084,B. Disease Grading/B. Disease Grading/1. Original Images/a. Training Set/IDRiD_084.jpg,train,grading
IDRiD_084,B. Disease Grading/B. Disease Grading/1. Original Images/b. Testing Set/IDRiD_084.jpg,test,grading
IDRiD_085,B. Disease Grading/B. Disease Grading/1. Original Images/a. Training Set/IDRiD_085.jpg,train,grading
IDRiD_085,B. Disease Grading/B. Disease Grading/1. Original Images/b. Testing Set/IDRiD_085.jpg,test,grading
IDRiD_086,B. Disease Grading/B. Disease Grading/1. Original Images/a. Training Set/IDRiD_086.jpg,train,grading
IDRiD_086,B. Disease Grading/B. Disease Grading/1. Original Images/b. Testing Set/IDRiD_086.jpg,test,grading
IDRiD_087,B. Disease Grading/B. Disease Grading/1. Original Images/a. Training Set/IDRiD_087.jpg,train,grading
IDRiD_087,B. Disease Grading/B. Disease Grading/1. Original Images/b. Testing Set/IDRiD_087.jpg,test,grading
IDRiD_088,B. Disease Grading/B. Disease Grading/1. Original Images/a. Training Set/IDRiD_088.jpg,train,grading
IDRiD_088,B. Disease Grading/B. Disease Grading/1. Original Images/b. Testing Set/IDRiD_088.jpg,test,grading
IDRiD_089,B. Disease Grading/B. Disease Grading/1. Original Images/a. Training Set/IDRiD_089.jpg,train,grading
IDRiD_089,B. Disease Grading/B. Disease Grading/1. Original Images/b. Testing Set/IDRiD_089.jpg,test,grading
IDRiD_090,B. Disease Grading/B. Disease Grading/1. Original Images/a. Training Set/IDRiD_090.jpg,train,grading
IDRiD_090,B. Disease Grading/B. Disease Grading/1. Original Images/b. Testing Set/IDRiD_090.jpg,test,grading
IDRiD_091,B. Disease Grading/B. Disease Grading/1. Original Images/a. Training Set/IDRiD_091.jpg,train,grading
IDRiD_091,B. Disease Grading/B. Disease Grading/1. Original Images/b. Testing Set/IDRiD_091.jpg,test,grading
IDRiD_092,B. Disease Grading/B. Disease Grading/1. Original Images/a. Training Set/IDRiD_092.jpg,train,grading
IDRiD_092,B. Disease Grading/B. Disease Grading/1. Original Images/b. Testing Set/IDRiD_092.jpg,test,grading
IDRiD_093,B. Disease Grading/B. Disease Grading/1. Original Images/a. Training Set/IDRiD_093.jpg,train,grading
IDRiD_093,B. Disease Grading/B. Disease Grading/1. Original Images/b. Testing Set/IDRiD_093.jpg,test,grading
IDRiD_094,B. Disease Grading/B. Disease Grading/1. Original Images/a. Training Set/IDRiD_094.jpg,train,grading
IDRiD_094,B. Disease Grading/B. Disease Grading/1. Original Images/b. Testing Set/IDRiD_094.jpg,test,grading
IDRiD_095,B. Disease Grading/B. Disease Grading/1. Original Images/a. Training Set/IDRiD_095.jpg,train,grading
IDRiD_095,B. Disease Grading/B. Disease Grading/1. Original Images/b. Testing Set/IDRiD_095.jpg,test,grading
IDRiD_096,B. Disease Grading/B. Disease Grading/1. Original Images/a. Training Set/IDRiD_096.jpg,train,grading
IDRiD_096,B. Disease Grading/B. Disease Grading/1. Original Images/b. Testing Set/IDRiD_096.jpg,test,grading
IDRiD_097,B. Disease Grading/B. Disease Grading/1. Original Images/a. Training Set/IDRiD_097.jpg,train,grading
IDRiD_097,B. Disease Grading/B. Disease Grading/1. Original Images/b. Testing Set/IDRiD_097.jpg,test,grading
IDRiD_098,B. Disease Grading/B. Disease Grading/1. Original Images/a. Training Set/IDRiD_098.jpg,train,grading
IDRiD_098,B. Disease Grading/B. Disease Grading/1. Original Images/b. Testing Set/IDRiD_098.jpg,test,grading
IDRiD_099,B. Disease Grading/B. Disease Grading/1. Original Images/a. Training Set/IDRiD_099.jpg,train,grading
IDRiD_099,B. Disease Grading/B. Disease Grading/1. Original Images/b. Testing Set/IDRiD_099.jpg,test,grading
IDRiD_100,B. Disease Grading/B. Disease Grading/1. Original Images/a. Training Set/IDRiD_100.jpg,train,grading
IDRiD_100,B. Disease Grading/B. Disease Grading/1. Original Images/b. Testing Set/IDRiD_100.jpg,test,grading
IDRiD_101,B. Disease Grading/B. Disease Grading/1. Original Images/a. Training Set/IDRiD_101.jpg,train,grading
IDRiD_101,B. Disease Grading/B. Disease Grading/1. Original Images/b. Testing Set/IDRiD_101.jpg,test,grading
IDRiD_102,B. Disease Grading/B. Disease Grading/1. Original Images/a. Training Set/IDRiD_102.jpg,train,grading
IDRiD_102,B. Disease Grading/B. Disease Grading/1. Original Images/b. Testing Set/IDRiD_102.jpg,test,grading
IDRiD_103,B. Disease Grading/B. Disease Grading/1. Original Images/a. Training Set/IDRiD_103.jpg,train,grading
IDRiD_103,B. Disease Grading/B. Disease Grading/1. Original Images/b. Testing Set/IDRiD_103.jpg,test,grading
IDRiD_104,B. Disease Grading/B. Disease Grading/1. Original Images/a. Training Set/IDRiD_104.jpg,train,grading
IDRiD_105,B. Disease Grading/B. Disease Grading/1. Original Images/a. Training Set/IDRiD_105.jpg,train,grading
IDRiD_106,B. Disease Grading/B. Disease Grading/1. Original Images/a. Training Set/IDRiD_106.jpg,train,grading
IDRiD_107,B. Disease Grading/B. Disease Grading/1. Original Images/a. Training Set/IDRiD_107.jpg,train,grading
IDRiD_108,B. Disease Grading/B. Disease Grading/1. Original Images/a. Training Set/IDRiD_108.jpg,train,grading
IDRiD_109,B. Disease Grading/B. Disease Grading/1. Original Images/a. Training Set/IDRiD_109.jpg,train,grading
IDRiD_110,B. Disease Grading/B. Disease Grading/1. Original Images/a. Training Set/IDRiD_110.jpg,train,grading
IDRiD_111,B. Disease Grading/B. Disease Grading/1. Original Images/a. Training Set/IDRiD_111.jpg,train,grading
IDRiD_112,B. Disease Grading/B. Disease Grading/1. Original Images/a. Training Set/IDRiD_112.jpg,train,grading
IDRiD_113,B. Disease Grading/B. Disease Grading/1. Original Images/a. Training Set/IDRiD_113.jpg,train,grading
IDRiD_114,B. Disease Grading/B. Disease Grading/1. Original Images/a. Training Set/IDRiD_114.jpg,train,grading
IDRiD_115,B. Disease Grading/B. Disease Grading/1. Original Images/a. Training Set/IDRiD_115.jpg,train,grading
IDRiD_116,B. Disease Grading/B. Disease Grading/1. Original Images/a. Training Set/IDRiD_116.jpg,train,grading
IDRiD_117,B. Disease Grading/B. Disease Grading/1. Original Images/a. Training Set/IDRiD_117.jpg,train,grading
IDRiD_118,B. Disease Grading/B. Disease Grading/1. Original Images/a. Training Set/IDRiD_118.jpg,train,grading
IDRiD_119,B. Disease Grading/B. Disease Grading/1. Original Images/a. Training Set/IDRiD_119.jpg,train,grading
IDRiD_120,B. Disease Grading/B. Disease Grading/1. Original Images/a. Training Set/IDRiD_120.jpg,train,grading
IDRiD_121,B. Disease Grading/B. Disease Grading/1. Original Images/a. Training Set/IDRiD_121.jpg,train,grading
IDRiD_122,B. Disease Grading/B. Disease Grading/1. Original Images/a. Training Set/IDRiD_122.jpg,train,grading
IDRiD_123,B. Disease Grading/B. Disease Grading/1. Original Images/a. Training Set/IDRiD_123.jpg,train,grading
IDRiD_124,B. Disease Grading/B. Disease Grading/1. Original Images/a. Training Set/IDRiD_124.jpg,train,grading
IDRiD_125,B. Disease Grading/B. Disease Grading/1. Original Images/a. Training Set/IDRiD_125.jpg,train,grading
IDRiD_126,B. Disease Grading/B. Disease Grading/1. Original Images/a. Training Set/IDRiD_126.jpg,train,grading
IDRiD_127,B. Disease Grading/B. Disease Grading/1. Original Images/a. Training Set/IDRiD_127.jpg,train,grading
IDRiD_128,B. Disease Grading/B. Disease Grading/1. Original Images/a. Training Set/IDRiD_128.jpg,train,grading
IDRiD_129,B. Disease Grading/B. Disease Grading/1. Original Images/a. Training Set/IDRiD_129.jpg,train,grading
IDRiD_130,B. Disease Grading/B. Disease Grading/1. Original Images/a. Training Set/IDRiD_130.jpg,train,grading
IDRiD_131,B. Disease Grading/B. Disease Grading/1. Original Images/a. Training Set/IDRiD_131.jpg,train,grading
IDRiD_132,B. Disease Grading/B. Disease Grading/1. Original Images/a. Training Set/IDRiD_132.jpg,train,grading
IDRiD_133,B. Disease Grading/B. Disease Grading/1. Original Images/a. Training Set/IDRiD_133.jpg,train,grading
IDRiD_134,B. Disease Grading/B. Disease Grading/1. Original Images/a. Training Set/IDRiD_134.jpg,train,grading
IDRiD_135,B. Disease Grading/B. Disease Grading/1. Original Images/a. Training Set/IDRiD_135.jpg,train,grading
IDRiD_136,B. Disease Grading/B. Disease Grading/1. Original Images/a. Training Set/IDRiD_136.jpg,train,grading
IDRiD_137,B. Disease Grading/B. Disease Grading/1. Original Images/a. Training Set/IDRiD_137.jpg,train,grading
IDRiD_138,B. Disease Grading/B. Disease Grading/1. Original Images/a. Training Set/IDRiD_138.jpg,train,grading
IDRiD_139,B. Disease Grading/B. Disease Grading/1. Original Images/a. Training Set/IDRiD_139.jpg,train,grading
IDRiD_140,B. Disease Grading/B. Disease Grading/1. Original Images/a. Training Set/IDRiD_140.jpg,train,grading
IDRiD_141,B. Disease Grading/B. Disease Grading/1. Original Images/a. Training Set/IDRiD_141.jpg,train,grading
IDRiD_142,B. Disease Grading/B. Disease Grading/1. Original Images/a. Training Set/IDRiD_142.jpg,train,grading
IDRiD_143,B. Disease Grading/B. Disease Grading/1. Original Images/a. Training Set/IDRiD_143.jpg,train,grading
IDRiD_144,B. Disease Grading/B. Disease Grading/1. Original Images/a. Training Set/IDRiD_144.jpg,train,grading
IDRiD_145,B. Disease Grading/B. Disease Grading/1. Original Images/a. Training Set/IDRiD_145.jpg,train,grading
IDRiD_146,B. Disease Grading/B. Disease Grading/1. Original Images/a. Training Set/IDRiD_146.jpg,train,grading
IDRiD_147,B. Disease Grading/B. Disease Grading/1. Original Images/a. Training Set/IDRiD_147.jpg,train,grading
IDRiD_148,B. Disease Grading/B. Disease Grading/1. Original Images/a. Training Set/IDRiD_148.jpg,train,grading
IDRiD_149,B. Disease Grading/B. Disease Grading/1. Original Images/a. Training Set/IDRiD_149.jpg,train,grading
IDRiD_150,B. Disease Grading/B. Disease Grading/1. Original Images/a. Training Set/IDRiD_150.jpg,train,grading
IDRiD_151,B. Disease Grading/B. Disease Grading/1. Original Images/a. Training Set/IDRiD_151.jpg,train,grading
IDRiD_152,B. Disease Grading/B. Disease Grading/1. Original Images/a. Training Set/IDRiD_152.jpg,train,grading
IDRiD_153,B. Disease Grading/B. Disease Grading/1. Original Images/a. Training Set/IDRiD_153.jpg,train,grading
IDRiD_154,B. Disease Grading/B. Disease Grading/1. Original Images/a. Training Set/IDRiD_154.jpg,train,grading
IDRiD_155,B. Disease Grading/B. Disease Grading/1. Original Images/a. Training Set/IDRiD_155.jpg,train,grading
IDRiD_156,B. Disease Grading/B. Disease Grading/1. Original Images/a. Training Set/IDRiD_156.jpg,train,grading
IDRiD_157,B. Disease Grading/B. Disease Grading/1. Original Images/a. Training Set/IDRiD_157.jpg,train,grading
IDRiD_158,B. Disease Grading/B. Disease Grading/1. Original Images/a. Training Set/IDRiD_158.jpg,train,grading
IDRiD_159,B. Disease Grading/B. Disease Grading/1. Original Images/a. Training Set/IDRiD_159.jpg,train,grading
IDRiD_160,B. Disease Grading/B. Disease Grading/1. Original Images/a. Training Set/IDRiD_160.jpg,train,grading
IDRiD_161,B. Disease Grading/B. Disease Grading/1. Original Images/a. Training Set/IDRiD_161.jpg,train,grading
IDRiD_162,B. Disease Grading/B. Disease Grading/1. Original Images/a. Training Set/IDRiD_162.jpg,train,grading
IDRiD_163,B. Disease Grading/B. Disease Grading/1. Original Images/a. Training Set/IDRiD_163.jpg,train,grading
IDRiD_164,B. Disease Grading/B. Disease Grading/1. Original Images/a. Training Set/IDRiD_164.jpg,train,grading
IDRiD_165,B. Disease Grading/B. Disease Grading/1. Original Images/a. Training Set/IDRiD_165.jpg,train,grading
IDRiD_166,B. Disease Grading/B. Disease Grading/1. Original Images/a. Training Set/IDRiD_166.jpg,train,grading
IDRiD_167,B. Disease Grading/B. Disease Grading/1. Original Images/a. Training Set/IDRiD_167.jpg,train,grading
IDRiD_168,B. Disease Grading/B. Disease Grading/1. Original Images/a. Training Set/IDRiD_168.jpg,train,grading
IDRiD_169,B. Disease Grading/B. Disease Grading/1. Original Images/a. Training Set/IDRiD_169.jpg,train,grading
IDRiD_170,B. Disease Grading/B. Disease Grading/1. Original Images/a. Training Set/IDRiD_170.jpg,train,grading
IDRiD_171,B. Disease Grading/B. Disease Grading/1. Original Images/a. Training Set/IDRiD_171.jpg,train,grading
IDRiD_172,B. Disease Grading/B. Disease Grading/1. Original Images/a. Training Set/IDRiD_172.jpg,train,grading
IDRiD_173,B. Disease Grading/B. Disease Grading/1. Original Images/a. Training Set/IDRiD_173.jpg,train,grading
IDRiD_174,B. Disease Grading/B. Disease Grading/1. Original Images/a. Training Set/IDRiD_174.jpg,train,grading
IDRiD_175,B. Disease Grading/B. Disease Grading/1. Original Images/a. Training Set/IDRiD_175.jpg,train,grading
IDRiD_176,B. Disease Grading/B. Disease Grading/1. Original Images/a. Training Set/IDRiD_176.jpg,train,grading
IDRiD_177,B. Disease Grading/B. Disease Grading/1. Original Images/a. Training Set/IDRiD_177.jpg,train,grading
IDRiD_178,B. Disease Grading/B. Disease Grading/1. Original Images/a. Training Set/IDRiD_178.jpg,train,grading
IDRiD_179,B. Disease Grading/B. Disease Grading/1. Original Images/a. Training Set/IDRiD_179.jpg,train,grading
IDRiD_180,B. Disease Grading/B. Disease Grading/1. Original Images/a. Training Set/IDRiD_180.jpg,train,grading
IDRiD_181,B. Disease Grading/B. Disease Grading/1. Original Images/a. Training Set/IDRiD_181.jpg,train,grading
IDRiD_182,B. Disease Grading/B. Disease Grading/1. Original Images/a. Training Set/IDRiD_182.jpg,train,grading
IDRiD_183,B. Disease Grading/B. Disease Grading/1. Original Images/a. Training Set/IDRiD_183.jpg,train,grading
IDRiD_184,B. Disease Grading/B. Disease Grading/1. Original Images/a. Training Set/IDRiD_184.jpg,train,grading
IDRiD_185,B. Disease Grading/B. Disease Grading/1. Original Images/a. Training Set/IDRiD_185.jpg,train,grading
IDRiD_186,B. Disease Grading/B. Disease Grading/1. Original Images/a. Training Set/IDRiD_186.jpg,train,grading
IDRiD_187,B. Disease Grading/B. Disease Grading/1. Original Images/a. Training Set/IDRiD_187.jpg,train,grading
IDRiD_188,B. Disease Grading/B. Disease Grading/1. Original Images/a. Training Set/IDRiD_188.jpg,train,grading
IDRiD_189,B. Disease Grading/B. Disease Grading/1. Original Images/a. Training Set/IDRiD_189.jpg,train,grading
IDRiD_190,B. Disease Grading/B. Disease Grading/1. Original Images/a. Training Set/IDRiD_190.jpg,train,grading
IDRiD_191,B. Disease Grading/B. Disease Grading/1. Original Images/a. Training Set/IDRiD_191.jpg,train,grading
IDRiD_192,B. Disease Grading/B. Disease Grading/1. Original Images/a. Training Set/IDRiD_192.jpg,train,grading
IDRiD_193,B. Disease Grading/B. Disease Grading/1. Original Images/a. Training Set/IDRiD_193.jpg,train,grading
IDRiD_194,B. Disease Grading/B. Disease Grading/1. Original Images/a. Training Set/IDRiD_194.jpg,train,grading
IDRiD_195,B. Disease Grading/B. Disease Grading/1. Original Images/a. Training Set/IDRiD_195.jpg,train,grading
IDRiD_196,B. Disease Grading/B. Disease Grading/1. Original Images/a. Training Set/IDRiD_196.jpg,train,grading
IDRiD_197,B. Disease Grading/B. Disease Grading/1. Original Images/a. Training Set/IDRiD_197.jpg,train,grading
IDRiD_198,B. Disease Grading/B. Disease Grading/1. Original Images/a. Training Set/IDRiD_198.jpg,train,grading
IDRiD_199,B. Disease Grading/B. Disease Grading/1. Original Images/a. Training Set/IDRiD_199.jpg,train,grading
IDRiD_200,B. Disease Grading/B. Disease Grading/1. Original Images/a. Training Set/IDRiD_200.jpg,train,grading
IDRiD_201,B. Disease Grading/B. Disease Grading/1. Original Images/a. Training Set/IDRiD_201.jpg,train,grading
IDRiD_202,B. Disease Grading/B. Disease Grading/1. Original Images/a. Training Set/IDRiD_202.jpg,train,grading
IDRiD_203,B. Disease Grading/B. Disease Grading/1. Original Images/a. Training Set/IDRiD_203.jpg,train,grading
IDRiD_204,B. Disease Grading/B. Disease Grading/1. Original Images/a. Training Set/IDRiD_204.jpg,train,grading
IDRiD_205,B. Disease Grading/B. Disease Grading/1. Original Images/a. Training Set/IDRiD_205.jpg,train,grading
IDRiD_206,B. Disease Grading/B. Disease Grading/1. Original Images/a. Training Set/IDRiD_206.jpg,train,grading
IDRiD_207,B. Disease Grading/B. Disease Grading/1. Original Images/a. Training Set/IDRiD_207.jpg,train,grading
IDRiD_208,B. Disease Grading/B. Disease Grading/1. Original Images/a. Training Set/IDRiD_208.jpg,train,grading
IDRiD_209,B. Disease Grading/B. Disease Grading/1. Original Images/a. Training Set/IDRiD_209.jpg,train,grading
IDRiD_210,B. Disease Grading/B. Disease Grading/1. Original Images/a. Training Set/IDRiD_210.jpg,train,grading
IDRiD_211,B. Disease Grading/B. Disease Grading/1. Original Images/a. Training Set/IDRiD_211.jpg,train,grading
IDRiD_212,B. Disease Grading/B. Disease Grading/1. Original Images/a. Training Set/IDRiD_212.jpg,train,grading
IDRiD_213,B. Disease Grading/B. Disease Grading/1. Original Images/a. Training Set/IDRiD_213.jpg,train,grading
IDRiD_214,B. Disease Grading/B. Disease Grading/1. Original Images/a. Training Set/IDRiD_214.jpg,train,grading
IDRiD_215,B. Disease Grading/B. Disease Grading/1. Original Images/a. Training Set/IDRiD_215.jpg,train,grading
IDRiD_216,B. Disease Grading/B. Disease Grading/1. Original Images/a. Training Set/IDRiD_216.jpg,train,grading
IDRiD_217,B. Disease Grading/B. Disease Grading/1. Original Images/a. Training Set/IDRiD_217.jpg,train,grading
IDRiD_218,B. Disease Grading/B. Disease Grading/1. Original Images/a. Training Set/IDRiD_218.jpg,train,grading
IDRiD_219,B. Disease Grading/B. Disease Grading/1. Original Images/a. Training Set/IDRiD_219.jpg,train,grading
IDRiD_220,B. Disease Grading/B. Disease Grading/1. Original Images/a. Training Set/IDRiD_220.jpg,train,grading
IDRiD_221,B. Disease Grading/B. Disease Grading/1. Original Images/a. Training Set/IDRiD_221.jpg,train,grading
IDRiD_222,B. Disease Grading/B. Disease Grading/1. Original Images/a. Training Set/IDRiD_222.jpg,train,grading
IDRiD_223,B. Disease Grading/B. Disease Grading/1. Original Images/a. Training Set/IDRiD_223.jpg,train,grading
IDRiD_224,B. Disease Grading/B. Disease Grading/1. Original Images/a. Training Set/IDRiD_224.jpg,train,grading
IDRiD_225,B. Disease Grading/B. Disease Grading/1. Original Images/a. Training Set/IDRiD_225.jpg,train,grading
IDRiD_226,B. Disease Grading/B. Disease Grading/1. Original Images/a. Training Set/IDRiD_226.jpg,train,grading
IDRiD_227,B. Disease Grading/B. Disease Grading/1. Original Images/a. Training Set/IDRiD_227.jpg,train,grading
IDRiD_228,B. Disease Grading/B. Disease Grading/1. Original Images/a. Training Set/IDRiD_228.jpg,train,grading
IDRiD_229,B. Disease Grading/B. Disease Grading/1. Original Images/a. Training Set/IDRiD_229.jpg,train,grading
IDRiD_230,B. Disease Grading/B. Disease Grading/1. Original Images/a. Training Set/IDRiD_230.jpg,train,grading
IDRiD_231,B. Disease Grading/B. Disease Grading/1. Original Images/a. Training Set/IDRiD_231.jpg,train,grading
IDRiD_232,B. Disease Grading/B. Disease Grading/1. Original Images/a. Training Set/IDRiD_232.jpg,train,grading
IDRiD_233,B. Disease Grading/B. Disease Grading/1. Original Images/a. Training Set/IDRiD_233.jpg,train,grading
IDRiD_234,B. Disease Grading/B. Disease Grading/1. Original Images/a. Training Set/IDRiD_234.jpg,train,grading
IDRiD_235,B. Disease Grading/B. Disease Grading/1. Original Images/a. Training Set/IDRiD_235.jpg,train,grading
IDRiD_236,B. Disease Grading/B. Disease Grading/1. Original Images/a. Training Set/IDRiD_236.jpg,train,grading
IDRiD_237,B. Disease Grading/B. Disease Grading/1. Original Images/a. Training Set/IDRiD_237.jpg,train,grading
IDRiD_238,B. Disease Grading/B. Disease Grading/1. Original Images/a. Training Set/IDRiD_238.jpg,train,grading
IDRiD_239,B. Disease Grading/B. Disease Grading/1. Original Images/a. Training Set/IDRiD_239.jpg,train,grading
IDRiD_240,B. Disease Grading/B. Disease Grading/1. Original Images/a. Training Set/IDRiD_240.jpg,train,grading
IDRiD_241,B. Disease Grading/B. Disease Grading/1. Original Images/a. Training Set/IDRiD_241.jpg,train,grading
IDRiD_242,B. Disease Grading/B. Disease Grading/1. Original Images/a. Training Set/IDRiD_242.jpg,train,grading
IDRiD_243,B. Disease Grading/B. Disease Grading/1. Original Images/a. Training Set/IDRiD_243.jpg,train,grading
IDRiD_244,B. Disease Grading/B. Disease Grading/1. Original Images/a. Training Set/IDRiD_244.jpg,train,grading
IDRiD_245,B. Disease Grading/B. Disease Grading/1. Original Images/a. Training Set/IDRiD_245.jpg,train,grading
IDRiD_246,B. Disease Grading/B. Disease Grading/1. Original Images/a. Training Set/IDRiD_246.jpg,train,grading
IDRiD_247,B. Disease Grading/B. Disease Grading/1. Original Images/a. Training Set/IDRiD_247.jpg,train,grading
IDRiD_248,B. Disease Grading/B. Disease Grading/1. Original Images/a. Training Set/IDRiD_248.jpg,train,grading
IDRiD_249,B. Disease Grading/B. Disease Grading/1. Original Images/a. Training Set/IDRiD_249.jpg,train,grading
IDRiD_250,B. Disease Grading/B. Disease Grading/1. Original Images/a. Training Set/IDRiD_250.jpg,train,grading
IDRiD_251,B. Disease Grading/B. Disease Grading/1. Original Images/a. Training Set/IDRiD_251.jpg,train,grading
IDRiD_252,B. Disease Grading/B. Disease Grading/1. Original Images/a. Training Set/IDRiD_252.jpg,train,grading
IDRiD_253,B. Disease Grading/B. Disease Grading/1. Original Images/a. Training Set/IDRiD_253.jpg,train,grading
IDRiD_254,B. Disease Grading/B. Disease Grading/1. Original Images/a. Training Set/IDRiD_254.jpg,train,grading
IDRiD_255,B. Disease Grading/B. Disease Grading/1. Original Images/a. Training Set/IDRiD_255.jpg,train,grading
IDRiD_256,B. Disease Grading/B. Disease Grading/1. Original Images/a. Training Set/IDRiD_256.jpg,train,grading
IDRiD_257,B. Disease Grading/B. Disease Grading/1. Original Images/a. Training Set/IDRiD_257.jpg,train,grading
IDRiD_258,B. Disease Grading/B. Disease Grading/1. Original Images/a. Training Set/IDRiD_258.jpg,train,grading
IDRiD_259,B. Disease Grading/B. Disease Grading/1. Original Images/a. Training Set/IDRiD_259.jpg,train,grading
IDRiD_260,B. Disease Grading/B. Disease Grading/1. Original Images/a. Training Set/IDRiD_260.jpg,train,grading
IDRiD_261,B. Disease Grading/B. Disease Grading/1. Original Images/a. Training Set/IDRiD_261.jpg,train,grading
IDRiD_262,B. Disease Grading/B. Disease Grading/1. Original Images/a. Training Set/IDRiD_262.jpg,train,grading
IDRiD_263,B. Disease Grading/B. Disease Grading/1. Original Images/a. Training Set/IDRiD_263.jpg,train,grading
IDRiD_264,B. Disease Grading/B. Disease Grading/1. Original Images/a. Training Set/IDRiD_264.jpg,train,grading
IDRiD_265,B. Disease Grading/B. Disease Grading/1. Original Images/a. Training Set/IDRiD_265.jpg,train,grading
IDRiD_266,B. Disease Grading/B. Disease Grading/1. Original Images/a. Training Set/IDRiD_266.jpg,train,grading
IDRiD_267,B. Disease Grading/B. Disease Grading/1. Original Images/a. Training Set/IDRiD_267.jpg,train,grading
IDRiD_268,B. Disease Grading/B. Disease Grading/1. Original Images/a. Training Set/IDRiD_268.jpg,train,grading
IDRiD_269,B. Disease Grading/B. Disease Grading/1. Original Images/a. Training Set/IDRiD_269.jpg,train,grading
IDRiD_270,B. Disease Grading/B. Disease Grading/1. Original Images/a. Training Set/IDRiD_270.jpg,train,grading
IDRiD_271,B. Disease Grading/B. Disease Grading/1. Original Images/a. Training Set/IDRiD_271.jpg,train,grading
IDRiD_272,B. Disease Grading/B. Disease Grading/1. Original Images/a. Training Set/IDRiD_272.jpg,train,grading
IDRiD_273,B. Disease Grading/B. Disease Grading/1. Original Images/a. Training Set/IDRiD_273.jpg,train,grading
IDRiD_274,B. Disease Grading/B. Disease Grading/1. Original Images/a. Training Set/IDRiD_274.jpg,train,grading
IDRiD_275,B. Disease Grading/B. Disease Grading/1. Original Images/a. Training Set/IDRiD_275.jpg,train,grading
IDRiD_276,B. Disease Grading/B. Disease Grading/1. Original Images/a. Training Set/IDRiD_276.jpg,train,grading
IDRiD_277,B. Disease Grading/B. Disease Grading/1. Original Images/a. Training Set/IDRiD_277.jpg,train,grading
IDRiD_278,B. Disease Grading/B. Disease Grading/1. Original Images/a. Training Set/IDRiD_278.jpg,train,grading
IDRiD_279,B. Disease Grading/B. Disease Grading/1. Original Images/a. Training Set/IDRiD_279.jpg,train,grading
IDRiD_280,B. Disease Grading/B. Disease Grading/1. Original Images/a. Training Set/IDRiD_280.jpg,train,grading
IDRiD_281,B. Disease Grading/B. Disease Grading/1. Original Images/a. Training Set/IDRiD_281.jpg,train,grading
IDRiD_282,B. Disease Grading/B. Disease Grading/1. Original Images/a. Training Set/IDRiD_282.jpg,train,grading
IDRiD_283,B. Disease Grading/B. Disease Grading/1. Original Images/a. Training Set/IDRiD_283.jpg,train,grading
IDRiD_284,B. Disease Grading/B. Disease Grading/1. Original Images/a. Training Set/IDRiD_284.jpg,train,grading
IDRiD_285,B. Disease Grading/B. Disease Grading/1. Original Images/a. Training Set/IDRiD_285.jpg,train,grading
IDRiD_286,B. Disease Grading/B. Disease Grading/1. Original Images/a. Training Set/IDRiD_286.jpg,train,grading
IDRiD_287,B. Disease Grading/B. Disease Grading/1. Original Images/a. Training Set/IDRiD_287.jpg,train,grading
IDRiD_288,B. Disease Grading/B. Disease Grading/1. Original Images/a. Training Set/IDRiD_288.jpg,train,grading
IDRiD_289,B. Disease Grading/B. Disease Grading/1. Original Images/a. Training Set/IDRiD_289.jpg,train,grading
IDRiD_290,B. Disease Grading/B. Disease Grading/1. Original Images/a. Training Set/IDRiD_290.jpg,train,grading
IDRiD_291,B. Disease Grading/B. Disease Grading/1. Original Images/a. Training Set/IDRiD_291.jpg,train,grading
IDRiD_292,B. Disease Grading/B. Disease Grading/1. Original Images/a. Training Set/IDRiD_292.jpg,train,grading
IDRiD_293,B. Disease Grading/B. Disease Grading/1. Original Images/a. Training Set/IDRiD_293.jpg,train,grading
IDRiD_294,B. Disease Grading/B. Disease Grading/1. Original Images/a. Training Set/IDRiD_294.jpg,train,grading
IDRiD_295,B. Disease Grading/B. Disease Grading/1. Original Images/a. Training Set/IDRiD_295.jpg,train,grading
IDRiD_296,B. Disease Grading/B. Disease Grading/1. Original Images/a. Training Set/IDRiD_296.jpg,train,grading
IDRiD_297,B. Disease Grading/B. Disease Grading/1. Original Images/a. Training Set/IDRiD_297.jpg,train,grading
IDRiD_298,B. Disease Grading/B. Disease Grading/1. Original Images/a. Training Set/IDRiD_298.jpg,train,grading
IDRiD_299,B. Disease Grading/B. Disease Grading/1. Original Images/a. Training Set/IDRiD_299.jpg,train,grading
IDRiD_300,B. Disease Grading/B. Disease Grading/1. Original Images/a. Training Set/IDRiD_300.jpg,train,grading
IDRiD_301,B. Disease Grading/B. Disease Grading/1. Original Images/a. Training Set/IDRiD_301.jpg,train,grading
IDRiD_302,B. Disease Grading/B. Disease Grading/1. Original Images/a. Training Set/IDRiD_302.jpg,train,grading
IDRiD_303,B. Disease Grading/B. Disease Grading/1. Original Images/a. Training Set/IDRiD_303.jpg,train,grading
IDRiD_304,B. Disease Grading/B. Disease Grading/1. Original Images/a. Training Set/IDRiD_304.jpg,train,grading
IDRiD_305,B. Disease Grading/B. Disease Grading/1. Original Images/a. Training Set/IDRiD_305.jpg,train,grading
IDRiD_306,B. Disease Grading/B. Disease Grading/1. Original Images/a. Training Set/IDRiD_306.jpg,train,grading
IDRiD_307,B. Disease Grading/B. Disease Grading/1. Original Images/a. Training Set/IDRiD_307.jpg,train,grading
IDRiD_308,B. Disease Grading/B. Disease Grading/1. Original Images/a. Training Set/IDRiD_308.jpg,train,grading
IDRiD_309,B. Disease Grading/B. Disease Grading/1. Original Images/a. Training Set/IDRiD_309.jpg,train,grading
IDRiD_310,B. Disease Grading/B. Disease Grading/1. Original Images/a. Training Set/IDRiD_310.jpg,train,grading
IDRiD_311,B. Disease Grading/B. Disease Grading/1. Original Images/a. Training Set/IDRiD_311.jpg,train,grading
IDRiD_312,B. Disease Grading/B. Disease Grading/1. Original Images/a. Training Set/IDRiD_312.jpg,train,grading
IDRiD_313,B. Disease Grading/B. Disease Grading/1. Original Images/a. Training Set/IDRiD_313.jpg,train,grading
IDRiD_314,B. Disease Grading/B. Disease Grading/1. Original Images/a. Training Set/IDRiD_314.jpg,train,grading
IDRiD_315,B. Disease Grading/B. Disease Grading/1. Original Images/a. Training Set/IDRiD_315.jpg,train,grading
IDRiD_316,B. Disease Grading/B. Disease Grading/1. Original Images/a. Training Set/IDRiD_316.jpg,train,grading
IDRiD_317,B. Disease Grading/B. Disease Grading/1. Original Images/a. Training Set/IDRiD_317.jpg,train,grading
IDRiD_318,B. Disease Grading/B. Disease Grading/1. Original Images/a. Training Set/IDRiD_318.jpg,train,grading
IDRiD_319,B. Disease Grading/B. Disease Grading/1. Original Images/a. Training Set/IDRiD_319.jpg,train,grading
IDRiD_320,B. Disease Grading/B. Disease Grading/1. Original Images/a. Training Set/IDRiD_320.jpg,train,grading
IDRiD_321,B. Disease Grading/B. Disease Grading/1. Original Images/a. Training Set/IDRiD_321.jpg,train,grading
IDRiD_322,B. Disease Grading/B. Disease Grading/1. Original Images/a. Training Set/IDRiD_322.jpg,train,grading
IDRiD_323,B. Disease Grading/B. Disease Grading/1. Original Images/a. Training Set/IDRiD_323.jpg,train,grading
IDRiD_324,B. Disease Grading/B. Disease Grading/1. Original Images/a. Training Set/IDRiD_324.jpg,train,grading
IDRiD_325,B. Disease Grading/B. Disease Grading/1. Original Images/a. Training Set/IDRiD_325.jpg,train,grading
IDRiD_326,B. Disease Grading/B. Disease Grading/1. Original Images/a. Training Set/IDRiD_326.jpg,train,grading
IDRiD_327,B. Disease Grading/B. Disease Grading/1. Original Images/a. Training Set/IDRiD_327.jpg,train,grading
IDRiD_328,B. Disease Grading/B. Disease Grading/1. Original Images/a. Training Set/IDRiD_328.jpg,train,grading
IDRiD_329,B. Disease Grading/B. Disease Grading/1. Original Images/a. Training Set/IDRiD_329.jpg,train,grading
IDRiD_330,B. Disease Grading/B. Disease Grading/1. Original Images/a. Training Set/IDRiD_330.jpg,train,grading
IDRiD_331,B. Disease Grading/B. Disease Grading/1. Original Images/a. Training Set/IDRiD_331.jpg,train,grading
IDRiD_332,B. Disease Grading/B. Disease Grading/1. Original Images/a. Training Set/IDRiD_332.jpg,train,grading
IDRiD_333,B. Disease Grading/B. Disease Grading/1. Original Images/a. Training Set/IDRiD_333.jpg,train,grading
IDRiD_334,B. Disease Grading/B. Disease Grading/1. Original Images/a. Training Set/IDRiD_334.jpg,train,grading
IDRiD_335,B. Disease Grading/B. Disease Grading/1. Original Images/a. Training Set/IDRiD_335.jpg,train,grading
IDRiD_336,B. Disease Grading/B. Disease Grading/1. Original Images/a. Training Set/IDRiD_336.jpg,train,grading
IDRiD_337,B. Disease Grading/B. Disease Grading/1. Original Images/a. Training Set/IDRiD_337.jpg,train,grading
IDRiD_338,B. Disease Grading/B. Disease Grading/1. Original Images/a. Training Set/IDRiD_338.jpg,train,grading
IDRiD_339,B. Disease Grading/B. Disease Grading/1. Original Images/a. Training Set/IDRiD_339.jpg,train,grading
IDRiD_340,B. Disease Grading/B. Disease Grading/1. Original Images/a. Training Set/IDRiD_340.jpg,train,grading
IDRiD_341,B. Disease Grading/B. Disease Grading/1. Original Images/a. Training Set/IDRiD_341.jpg,train,grading
IDRiD_342,B. Disease Grading/B. Disease Grading/1. Original Images/a. Training Set/IDRiD_342.jpg,train,grading
IDRiD_343,B. Disease Grading/B. Disease Grading/1. Original Images/a. Training Set/IDRiD_343.jpg,train,grading
IDRiD_344,B. Disease Grading/B. Disease Grading/1. Original Images/a. Training Set/IDRiD_344.jpg,train,grading
IDRiD_345,B. Disease Grading/B. Disease Grading/1. Original Images/a. Training Set/IDRiD_345.jpg,train,grading
IDRiD_346,B. Disease Grading/B. Disease Grading/1. Original Images/a. Training Set/IDRiD_346.jpg,train,grading
IDRiD_347,B. Disease Grading/B. Disease Grading/1. Original Images/a. Training Set/IDRiD_347.jpg,train,grading
IDRiD_348,B. Disease Grading/B. Disease Grading/1. Original Images/a. Training Set/IDRiD_348.jpg,train,grading
IDRiD_349,B. Disease Grading/B. Disease Grading/1. Original Images/a. Training Set/IDRiD_349.jpg,train,grading
IDRiD_350,B. Disease Grading/B. Disease Grading/1. Original Images/a. Training Set/IDRiD_350.jpg,train,grading
IDRiD_351,B. Disease Grading/B. Disease Grading/1. Original Images/a. Training Set/IDRiD_351.jpg,train,grading
IDRiD_352,B. Disease Grading/B. Disease Grading/1. Original Images/a. Training Set/IDRiD_352.jpg,train,grading
IDRiD_353,B. Disease Grading/B. Disease Grading/1. Original Images/a. Training Set/IDRiD_353.jpg,train,grading
IDRiD_354,B. Disease Grading/B. Disease Grading/1. Original Images/a. Training Set/IDRiD_354.jpg,train,grading
IDRiD_355,B. Disease Grading/B. Disease Grading/1. Original Images/a. Training Set/IDRiD_355.jpg,train,grading
IDRiD_356,B. Disease Grading/B. Disease Grading/1. Original Images/a. Training Set/IDRiD_356.jpg,train,grading
IDRiD_357,B. Disease Grading/B. Disease Grading/1. Original Images/a. Training Set/IDRiD_357.jpg,train,grading
IDRiD_358,B. Disease Grading/B. Disease Grading/1. Original Images/a. Training Set/IDRiD_358.jpg,train,grading
IDRiD_359,B. Disease Grading/B. Disease Grading/1. Original Images/a. Training Set/IDRiD_359.jpg,train,grading
IDRiD_360,B. Disease Grading/B. Disease Grading/1. Original Images/a. Training Set/IDRiD_360.jpg,train,grading
IDRiD_361,B. Disease Grading/B. Disease Grading/1. Original Images/a. Training Set/IDRiD_361.jpg,train,grading
IDRiD_362,B. Disease Grading/B. Disease Grading/1. Original Images/a. Training Set/IDRiD_362.jpg,train,grading
IDRiD_363,B. Disease Grading/B. Disease Grading/1. Original Images/a. Training Set/IDRiD_363.jpg,train,grading
IDRiD_364,B. Disease Grading/B. Disease Grading/1. Original Images/a. Training Set/IDRiD_364.jpg,train,grading
IDRiD_365,B. Disease Grading/B. Disease Grading/1. Original Images/a. Training Set/IDRiD_365.jpg,train,grading
IDRiD_366,B. Disease Grading/B. Disease Grading/1. Original Images/a. Training Set/IDRiD_366.jpg,train,grading
IDRiD_367,B. Disease Grading/B. Disease Grading/1. Original Images/a. Training Set/IDRiD_367.jpg,train,grading
IDRiD_368,B. Disease Grading/B. Disease Grading/1. Original Images/a. Training Set/IDRiD_368.jpg,train,grading
IDRiD_369,B. Disease Grading/B. Disease Grading/1. Original Images/a. Training Set/IDRiD_369.jpg,train,grading
IDRiD_370,B. Disease Grading/B. Disease Grading/1. Original Images/a. Training Set/IDRiD_370.jpg,train,grading
IDRiD_371,B. Disease Grading/B. Disease Grading/1. Original Images/a. Training Set/IDRiD_371.jpg,train,grading
IDRiD_372,B. Disease Grading/B. Disease Grading/1. Original Images/a. Training Set/IDRiD_372.jpg,train,grading
IDRiD_373,B. Disease Grading/B. Disease Grading/1. Original Images/a. Training Set/IDRiD_373.jpg,train,grading
IDRiD_374,B. Disease Grading/B. Disease Grading/1. Original Images/a. Training Set/IDRiD_374.jpg,train,grading
IDRiD_375,B. Disease Grading/B. Disease Grading/1. Original Images/a. Training Set/IDRiD_375.jpg,train,grading
IDRiD_376,B. Disease Grading/B. Disease Grading/1. Original Images/a. Training Set/IDRiD_376.jpg,train,grading
IDRiD_377,B. Disease Grading/B. Disease Grading/1. Original Images/a. Training Set/IDRiD_377.jpg,train,grading
IDRiD_378,B. Disease Grading/B. Disease Grading/1. Original Images/a. Training Set/IDRiD_378.jpg,train,grading
IDRiD_379,B. Disease Grading/B. Disease Grading/1. Original Images/a. Training Set/IDRiD_379.jpg,train,grading
IDRiD_380,B. Disease Grading/B. Disease Grading/1. Original Images/a. Training Set/IDRiD_380.jpg,train,grading
IDRiD_381,B. Disease Grading/B. Disease Grading/1. Original Images/a. Training Set/IDRiD_381.jpg,train,grading
IDRiD_382,B. Disease Grading/B. Disease Grading/1. Original Images/a. Training Set/IDRiD_382.jpg,train,grading
IDRiD_383,B. Disease Grading/B. Disease Grading/1. Original Images/a. Training Set/IDRiD_383.jpg,train,grading
IDRiD_384,B. Disease Grading/B. Disease Grading/1. Original Images/a. Training Set/IDRiD_384.jpg,train,grading
IDRiD_385,B. Disease Grading/B. Disease Grading/1. Original Images/a. Training Set/IDRiD_385.jpg,train,grading
IDRiD_386,B. Disease Grading/B. Disease Grading/1. Original Images/a. Training Set/IDRiD_386.jpg,train,grading
IDRiD_387,B. Disease Grading/B. Disease Grading/1. Original Images/a. Training Set/IDRiD_387.jpg,train,grading
IDRiD_388,B. Disease Grading/B. Disease Grading/1. Original Images/a. Training Set/IDRiD_388.jpg,train,grading
IDRiD_389,B. Disease Grading/B. Disease Grading/1. Original Images/a. Training Set/IDRiD_389.jpg,train,grading
IDRiD_390,B. Disease Grading/B. Disease Grading/1. Original Images/a. Training Set/IDRiD_390.jpg,train,grading
IDRiD_391,B. Disease Grading/B. Disease Grading/1. Original Images/a. Training Set/IDRiD_391.jpg,train,grading
IDRiD_392,B. Disease Grading/B. Disease Grading/1. Original Images/a. Training Set/IDRiD_392.jpg,train,grading
IDRiD_393,B. Disease Grading/B. Disease Grading/1. Original Images/a. Training Set/IDRiD_393.jpg,train,grading
IDRiD_394,B. Disease Grading/B. Disease Grading/1. Original Images/a. Training Set/IDRiD_394.jpg,train,grading
IDRiD_395,B. Disease Grading/B. Disease Grading/1. Original Images/a. Training Set/IDRiD_395.jpg,train,grading
IDRiD_396,B. Disease Grading/B. Disease Grading/1. Original Images/a. Training Set/IDRiD_396.jpg,train,grading
IDRiD_397,B. Disease Grading/B. Disease Grading/1. Original Images/a. Training Set/IDRiD_397.jpg,train,grading
IDRiD_398,B. Disease Grading/B. Disease Grading/1. Original Images/a. Training Set/IDRiD_398.jpg,train,grading
IDRiD_399,B. Disease Grading/B. Disease Grading/1. Original Images/a. Training Set/IDRiD_399.jpg,train,grading
IDRiD_400,B. Disease Grading/B. Disease Grading/1. Original Images/a. Training Set/IDRiD_400.jpg,train,grading
IDRiD_401,B. Disease Grading/B. Disease Grading/1. Original Images/a. Training Set/IDRiD_401.jpg,train,grading
IDRiD_402,B. Disease Grading/B. Disease Grading/1. Original Images/a. Training Set/IDRiD_402.jpg,train,grading
IDRiD_403,B. Disease Grading/B. Disease Grading/1. Original Images/a. Training Set/IDRiD_403.jpg,train,grading
IDRiD_404,B. Disease Grading/B. Disease Grading/1. Original Images/a. Training Set/IDRiD_404.jpg,train,grading
IDRiD_405,B. Disease Grading/B. Disease Grading/1. Original Images/a. Training Set/IDRiD_405.jpg,train,grading
IDRiD_406,B. Disease Grading/B. Disease Grading/1. Original Images/a. Training Set/IDRiD_406.jpg,train,grading
IDRiD_407,B. Disease Grading/B. Disease Grading/1. Original Images/a. Training Set/IDRiD_407.jpg,train,grading
IDRiD_408,B. Disease Grading/B. Disease Grading/1. Original Images/a. Training Set/IDRiD_408.jpg,train,grading
IDRiD_409,B. Disease Grading/B. Disease Grading/1. Original Images/a. Training Set/IDRiD_409.jpg,train,grading
IDRiD_410,B. Disease Grading/B. Disease Grading/1. Original Images/a. Training Set/IDRiD_410.jpg,train,grading
IDRiD_411,B. Disease Grading/B. Disease Grading/1. Original Images/a. Training Set/IDRiD_411.jpg,train,grading
IDRiD_412,B. Disease Grading/B. Disease Grading/1. Original Images/a. Training Set/IDRiD_412.jpg,train,grading
IDRiD_413,B. Disease Grading/B. Disease Grading/1. Original Images/a. Training Set/IDRiD_413.jpg,train,grading
IDRiD_01,A. Segmentation/A. Segmentation/1. Original Images/a. Training Set/IDRiD_01.jpg,train,segmentation
IDRiD_02,A. Segmentation/A. Segmentation/1. Original Images/a. Training Set/IDRiD_02.jpg,train,segmentation
IDRiD_03,A. Segmentation/A. Segmentation/1. Original Images/a. Training Set/IDRiD_03.jpg,train,segmentation
IDRiD_04,A. Segmentation/A. Segmentation/1. Original Images/a. Training Set/IDRiD_04.jpg,train,segmentation
IDRiD_05,A. Segmentation/A. Segmentation/1. Original Images/a. Training Set/IDRiD_05.jpg,train,segmentation
IDRiD_06,A. Segmentation/A. Segmentation/1. Original Images/a. Training Set/IDRiD_06.jpg,train,segmentation
IDRiD_07,A. Segmentation/A. Segmentation/1. Original Images/a. Training Set/IDRiD_07.jpg,train,segmentation
IDRiD_08,A. Segmentation/A. Segmentation/1. Original Images/a. Training Set/IDRiD_08.jpg,train,segmentation
IDRiD_09,A. Segmentation/A. Segmentation/1. Original Images/a. Training Set/IDRiD_09.jpg,train,segmentation
IDRiD_10,A. Segmentation/A. Segmentation/1. Original Images/a. Training Set/IDRiD_10.jpg,train,segmentation
IDRiD_11,A. Segmentation/A. Segmentation/1. Original Images/a. Training Set/IDRiD_11.jpg,train,segmentation
IDRiD_12,A. Segmentation/A. Segmentation/1. Original Images/a. Training Set/IDRiD_12.jpg,train,segmentation
IDRiD_13,A. Segmentation/A. Segmentation/1. Original Images/a. Training Set/IDRiD_13.jpg,train,segmentation
IDRiD_14,A. Segmentation/A. Segmentation/1. Original Images/a. Training Set/IDRiD_14.jpg,train,segmentation
IDRiD_15,A. Segmentation/A. Segmentation/1. Original Images/a. Training Set/IDRiD_15.jpg,train,segmentation
IDRiD_16,A. Segmentation/A. Segmentation/1. Original Images/a. Training Set/IDRiD_16.jpg,train,segmentation
IDRiD_17,A. Segmentation/A. Segmentation/1. Original Images/a. Training Set/IDRiD_17.jpg,train,segmentation
IDRiD_18,A. Segmentation/A. Segmentation/1. Original Images/a. Training Set/IDRiD_18.jpg,train,segmentation
IDRiD_19,A. Segmentation/A. Segmentation/1. Original Images/a. Training Set/IDRiD_19.jpg,train,segmentation
IDRiD_20,A. Segmentation/A. Segmentation/1. Original Images/a. Training Set/IDRiD_20.jpg,train,segmentation
IDRiD_21,A. Segmentation/A. Segmentation/1. Original Images/a. Training Set/IDRiD_21.jpg,train,segmentation
IDRiD_22,A. Segmentation/A. Segmentation/1. Original Images/a. Training Set/IDRiD_22.jpg,train,segmentation
IDRiD_23,A. Segmentation/A. Segmentation/1. Original Images/a. Training Set/IDRiD_23.jpg,train,segmentation
IDRiD_24,A. Segmentation/A. Segmentation/1. Original Images/a. Training Set/IDRiD_24.jpg,train,segmentation
IDRiD_25,A. Segmentation/A. Segmentation/1. Original Images/a. Training Set/IDRiD_25.jpg,train,segmentation
IDRiD_26,A. Segmentation/A. Segmentation/1. Original Images/a. Training Set/IDRiD_26.jpg,train,segmentation
IDRiD_27,A. Segmentation/A. Segmentation/1. Original Images/a. Training Set/IDRiD_27.jpg,train,segmentation
IDRiD_28,A. Segmentation/A. Segmentation/1. Original Images/a. Training Set/IDRiD_28.jpg,train,segmentation
IDRiD_29,A. Segmentation/A. Segmentation/1. Original Images/a. Training Set/IDRiD_29.jpg,train,segmentation
IDRiD_30,A. Segmentation/A. Segmentation/1. Original Images/a. Training Set/IDRiD_30.jpg,train,segmentation
IDRiD_31,A. Segmentation/A. Segmentation/1. Original Images/a. Training Set/IDRiD_31.jpg,train,segmentation
IDRiD_32,A. Segmentation/A. Segmentation/1. Original Images/a. Training Set/IDRiD_32.jpg,train,segmentation
IDRiD_33,A. Segmentation/A. Segmentation/1. Original Images/a. Training Set/IDRiD_33.jpg,train,segmentation
IDRiD_34,A. Segmentation/A. Segmentation/1. Original Images/a. Training Set/IDRiD_34.jpg,train,segmentation
IDRiD_35,A. Segmentation/A. Segmentation/1. Original Images/a. Training Set/IDRiD_35.jpg,train,segmentation
IDRiD_36,A. Segmentation/A. Segmentation/1. Original Images/a. Training Set/IDRiD_36.jpg,train,segmentation
IDRiD_37,A. Segmentation/A. Segmentation/1. Original Images/a. Training Set/IDRiD_37.jpg,train,segmentation
IDRiD_38,A. Segmentation/A. Segmentation/1. Original Images/a. Training Set/IDRiD_38.jpg,train,segmentation
IDRiD_39,A. Segmentation/A. Segmentation/1. Original Images/a. Training Set/IDRiD_39.jpg,train,segmentation
IDRiD_40,A. Segmentation/A. Segmentation/1. Original Images/a. Training Set/IDRiD_40.jpg,train,segmentation
IDRiD_41,A. Segmentation/A. Segmentation/1. Original Images/a. Training Set/IDRiD_41.jpg,train,segmentation
IDRiD_42,A. Segmentation/A. Segmentation/1. Original Images/a. Training Set/IDRiD_42.jpg,train,segmentation
IDRiD_43,A. Segmentation/A. Segmentation/1. Original Images/a. Training Set/IDRiD_43.jpg,train,segmentation
IDRiD_44,A. Segmentation/A. Segmentation/1. Original Images/a. Training Set/IDRiD_44.jpg,train,segmentation
IDRiD_45,A. Segmentation/A. Segmentation/1. Original Images/a. Training Set/IDRiD_45.jpg,train,segmentation
IDRiD_46,A. Segmentation/A. Segmentation/1. Original Images/a. Training Set/IDRiD_46.jpg,train,segmentation
IDRiD_47,A. Segmentation/A. Segmentation/1. Original Images/a. Training Set/IDRiD_47.jpg,train,segmentation
IDRiD_48,A. Segmentation/A. Segmentation/1. Original Images/a. Training Set/IDRiD_48.jpg,train,segmentation
IDRiD_49,A. Segmentation/A. Segmentation/1. Original Images/a. Training Set/IDRiD_49.jpg,train,segmentation
IDRiD_50,A. Segmentation/A. Segmentation/1. Original Images/a. Training Set/IDRiD_50.jpg,train,segmentation
IDRiD_51,A. Segmentation/A. Segmentation/1. Original Images/a. Training Set/IDRiD_51.jpg,train,segmentation
IDRiD_52,A. Segmentation/A. Segmentation/1. Original Images/a. Training Set/IDRiD_52.jpg,train,segmentation
IDRiD_53,A. Segmentation/A. Segmentation/1. Original Images/a. Training Set/IDRiD_53.jpg,train,segmentation
IDRiD_54,A. Segmentation/A. Segmentation/1. Original Images/a. Training Set/IDRiD_54.jpg,train,segmentation
IDRiD_55,A. Segmentation/A. Segmentation/1. Original Images/b. Testing Set/IDRiD_55.jpg,test,segmentation
IDRiD_56,A. Segmentation/A. Segmentation/1. Original Images/b. Testing Set/IDRiD_56.jpg,test,segmentation
IDRiD_57,A. Segmentation/A. Segmentation/1. Original Images/b. Testing Set/IDRiD_57.jpg,test,segmentation
IDRiD_58,A. Segmentation/A. Segmentation/1. Original Images/b. Testing Set/IDRiD_58.jpg,test,segmentation
IDRiD_59,A. Segmentation/A. Segmentation/1. Original Images/b. Testing Set/IDRiD_59.jpg,test,segmentation
IDRiD_60,A. Segmentation/A. Segmentation/1. Original Images/b. Testing Set/IDRiD_60.jpg,test,segmentation
IDRiD_61,A. Segmentation/A. Segmentation/1. Original Images/b. Testing Set/IDRiD_61.jpg,test,segmentation
IDRiD_62,A. Segmentation/A. Segmentation/1. Original Images/b. Testing Set/IDRiD_62.jpg,test,segmentation
IDRiD_63,A. Segmentation/A. Segmentation/1. Original Images/b. Testing Set/IDRiD_63.jpg,test,segmentation
IDRiD_64,A. Segmentation/A. Segmentation/1. Original Images/b. Testing Set/IDRiD_64.jpg,test,segmentation
IDRiD_65,A. Segmentation/A. Segmentation/1. Original Images/b. Testing Set/IDRiD_65.jpg,test,segmentation
IDRiD_66,A. Segmentation/A. Segmentation/1. Original Images/b. Testing Set/IDRiD_66.jpg,test,segmentation
IDRiD_67,A. Segmentation/A. Segmentation/1. Original Images/b. Testing Set/IDRiD_67.jpg,test,segmentation
IDRiD_68,A. Segmentation/A. Segmentation/1. Original Images/b. Testing Set/IDRiD_68.jpg,test,segmentation
IDRiD_69,A. Segmentation/A. Segmentation/1. Original Images/b. Testing Set/IDRiD_69.jpg,test,segmentation
IDRiD_70,A. Segmentation/A. Segmentation/1. Original Images/b. Testing Set/IDRiD_70.jpg,test,segmentation
IDRiD_71,A. Segmentation/A. Segmentation/1. Original Images/b. Testing Set/IDRiD_71.jpg,test,segmentation
IDRiD_72,A. Segmentation/A. Segmentation/1. Original Images/b. Testing Set/IDRiD_72.jpg,test,segmentation
IDRiD_73,A. Segmentation/A. Segmentation/1. Original Images/b. Testing Set/IDRiD_73.jpg,test,segmentation
IDRiD_74,A. Segmentation/A. Segmentation/1. Original Images/b. Testing Set/IDRiD_74.jpg,test,segmentation
IDRiD_75,A. Segmentation/A. Segmentation/1. Original Images/b. Testing Set/IDRiD_75.jpg,test,segmentation
IDRiD_76,A. Segmentation/A. Segmentation/1. Original Images/b. Testing Set/IDRiD_76.jpg,test,segmentation
IDRiD_77,A. Segmentation/A. Segmentation/1. Original Images/b. Testing Set/IDRiD_77.jpg,test,segmentation
IDRiD_78,A. Segmentation/A. Segmentation/1. Original Images/b. Testing Set/IDRiD_78.jpg,test,segmentation
IDRiD_79,A. Segmentation/A. Segmentation/1. Original Images/b. Testing Set/IDRiD_79.jpg,test,segmentation
IDRiD_80,A. Segmentation/A. Segmentation/1. Original Images/b. Testing Set/IDRiD_80.jpg,test,segmentation
IDRiD_81,A. Segmentation/A. Segmentation/1. Original Images/b. Testing Set/IDRiD_81.jpg,test,segmentation
IDRiD_001,C. Localization/C. Localization/1. Original Images/a. Training Set/IDRiD_001.jpg,train,localization
IDRiD_001,C. Localization/C. Localization/1. Original Images/b. Testing Set/IDRiD_001.jpg,test,localization
IDRiD_002,C. Localization/C. Localization/1. Original Images/a. Training Set/IDRiD_002.jpg,train,localization
IDRiD_002,C. Localization/C. Localization/1. Original Images/b. Testing Set/IDRiD_002.jpg,test,localization
IDRiD_003,C. Localization/C. Localization/1. Original Images/a. Training Set/IDRiD_003.jpg,train,localization
IDRiD_003,C. Localization/C. Localization/1. Original Images/b. Testing Set/IDRiD_003.jpg,test,localization
IDRiD_004,C. Localization/C. Localization/1. Original Images/a. Training Set/IDRiD_004.jpg,train,localization
IDRiD_004,C. Localization/C. Localization/1. Original Images/b. Testing Set/IDRiD_004.jpg,test,localization
IDRiD_005,C. Localization/C. Localization/1. Original Images/a. Training Set/IDRiD_005.jpg,train,localization
IDRiD_005,C. Localization/C. Localization/1. Original Images/b. Testing Set/IDRiD_005.jpg,test,localization
IDRiD_006,C. Localization/C. Localization/1. Original Images/a. Training Set/IDRiD_006.jpg,train,localization
IDRiD_006,C. Localization/C. Localization/1. Original Images/b. Testing Set/IDRiD_006.jpg,test,localization
IDRiD_007,C. Localization/C. Localization/1. Original Images/a. Training Set/IDRiD_007.jpg,train,localization
IDRiD_007,C. Localization/C. Localization/1. Original Images/b. Testing Set/IDRiD_007.jpg,test,localization
IDRiD_008,C. Localization/C. Localization/1. Original Images/a. Training Set/IDRiD_008.jpg,train,localization
IDRiD_008,C. Localization/C. Localization/1. Original Images/b. Testing Set/IDRiD_008.jpg,test,localization
IDRiD_009,C. Localization/C. Localization/1. Original Images/a. Training Set/IDRiD_009.jpg,train,localization
IDRiD_009,C. Localization/C. Localization/1. Original Images/b. Testing Set/IDRiD_009.jpg,test,localization
IDRiD_010,C. Localization/C. Localization/1. Original Images/a. Training Set/IDRiD_010.jpg,train,localization
IDRiD_010,C. Localization/C. Localization/1. Original Images/b. Testing Set/IDRiD_010.jpg,test,localization
IDRiD_011,C. Localization/C. Localization/1. Original Images/a. Training Set/IDRiD_011.jpg,train,localization
IDRiD_011,C. Localization/C. Localization/1. Original Images/b. Testing Set/IDRiD_011.jpg,test,localization
IDRiD_012,C. Localization/C. Localization/1. Original Images/a. Training Set/IDRiD_012.jpg,train,localization
IDRiD_012,C. Localization/C. Localization/1. Original Images/b. Testing Set/IDRiD_012.jpg,test,localization
IDRiD_013,C. Localization/C. Localization/1. Original Images/a. Training Set/IDRiD_013.jpg,train,localization
IDRiD_013,C. Localization/C. Localization/1. Original Images/b. Testing Set/IDRiD_013.jpg,test,localization
IDRiD_014,C. Localization/C. Localization/1. Original Images/a. Training Set/IDRiD_014.jpg,train,localization
IDRiD_014,C. Localization/C. Localization/1. Original Images/b. Testing Set/IDRiD_014.jpg,test,localization
IDRiD_015,C. Localization/C. Localization/1. Original Images/a. Training Set/IDRiD_015.jpg,train,localization
IDRiD_015,C. Localization/C. Localization/1. Original Images/b. Testing Set/IDRiD_015.jpg,test,localization
IDRiD_016,C. Localization/C. Localization/1. Original Images/a. Training Set/IDRiD_016.jpg,train,localization
IDRiD_016,C. Localization/C. Localization/1. Original Images/b. Testing Set/IDRiD_016.jpg,test,localization
IDRiD_017,C. Localization/C. Localization/1. Original Images/a. Training Set/IDRiD_017.jpg,train,localization
IDRiD_017,C. Localization/C. Localization/1. Original Images/b. Testing Set/IDRiD_017.jpg,test,localization
IDRiD_018,C. Localization/C. Localization/1. Original Images/a. Training Set/IDRiD_018.jpg,train,localization
IDRiD_018,C. Localization/C. Localization/1. Original Images/b. Testing Set/IDRiD_018.jpg,test,localization
IDRiD_019,C. Localization/C. Localization/1. Original Images/a. Training Set/IDRiD_019.jpg,train,localization
IDRiD_019,C. Localization/C. Localization/1. Original Images/b. Testing Set/IDRiD_019.jpg,test,localization
IDRiD_020,C. Localization/C. Localization/1. Original Images/a. Training Set/IDRiD_020.jpg,train,localization
IDRiD_020,C. Localization/C. Localization/1. Original Images/b. Testing Set/IDRiD_020.jpg,test,localization
IDRiD_021,C. Localization/C. Localization/1. Original Images/a. Training Set/IDRiD_021.jpg,train,localization
IDRiD_021,C. Localization/C. Localization/1. Original Images/b. Testing Set/IDRiD_021.jpg,test,localization
IDRiD_022,C. Localization/C. Localization/1. Original Images/a. Training Set/IDRiD_022.jpg,train,localization
IDRiD_022,C. Localization/C. Localization/1. Original Images/b. Testing Set/IDRiD_022.jpg,test,localization
IDRiD_023,C. Localization/C. Localization/1. Original Images/a. Training Set/IDRiD_023.jpg,train,localization
IDRiD_023,C. Localization/C. Localization/1. Original Images/b. Testing Set/IDRiD_023.jpg,test,localization
IDRiD_024,C. Localization/C. Localization/1. Original Images/a. Training Set/IDRiD_024.jpg,train,localization
IDRiD_024,C. Localization/C. Localization/1. Original Images/b. Testing Set/IDRiD_024.jpg,test,localization
IDRiD_025,C. Localization/C. Localization/1. Original Images/a. Training Set/IDRiD_025.jpg,train,localization
IDRiD_025,C. Localization/C. Localization/1. Original Images/b. Testing Set/IDRiD_025.jpg,test,localization
IDRiD_026,C. Localization/C. Localization/1. Original Images/a. Training Set/IDRiD_026.jpg,train,localization
IDRiD_026,C. Localization/C. Localization/1. Original Images/b. Testing Set/IDRiD_026.jpg,test,localization
IDRiD_027,C. Localization/C. Localization/1. Original Images/a. Training Set/IDRiD_027.jpg,train,localization
IDRiD_027,C. Localization/C. Localization/1. Original Images/b. Testing Set/IDRiD_027.jpg,test,localization
IDRiD_028,C. Localization/C. Localization/1. Original Images/a. Training Set/IDRiD_028.jpg,train,localization
IDRiD_028,C. Localization/C. Localization/1. Original Images/b. Testing Set/IDRiD_028.jpg,test,localization
IDRiD_029,C. Localization/C. Localization/1. Original Images/a. Training Set/IDRiD_029.jpg,train,localization
IDRiD_029,C. Localization/C. Localization/1. Original Images/b. Testing Set/IDRiD_029.jpg,test,localization
IDRiD_030,C. Localization/C. Localization/1. Original Images/a. Training Set/IDRiD_030.jpg,train,localization
IDRiD_030,C. Localization/C. Localization/1. Original Images/b. Testing Set/IDRiD_030.jpg,test,localization
IDRiD_031,C. Localization/C. Localization/1. Original Images/a. Training Set/IDRiD_031.jpg,train,localization
IDRiD_031,C. Localization/C. Localization/1. Original Images/b. Testing Set/IDRiD_031.jpg,test,localization
IDRiD_032,C. Localization/C. Localization/1. Original Images/a. Training Set/IDRiD_032.jpg,train,localization
IDRiD_032,C. Localization/C. Localization/1. Original Images/b. Testing Set/IDRiD_032.jpg,test,localization
IDRiD_033,C. Localization/C. Localization/1. Original Images/a. Training Set/IDRiD_033.jpg,train,localization
IDRiD_033,C. Localization/C. Localization/1. Original Images/b. Testing Set/IDRiD_033.jpg,test,localization
IDRiD_034,C. Localization/C. Localization/1. Original Images/a. Training Set/IDRiD_034.jpg,train,localization
IDRiD_034,C. Localization/C. Localization/1. Original Images/b. Testing Set/IDRiD_034.jpg,test,localization
IDRiD_035,C. Localization/C. Localization/1. Original Images/a. Training Set/IDRiD_035.jpg,train,localization
IDRiD_035,C. Localization/C. Localization/1. Original Images/b. Testing Set/IDRiD_035.jpg,test,localization
IDRiD_036,C. Localization/C. Localization/1. Original Images/a. Training Set/IDRiD_036.jpg,train,localization
IDRiD_036,C. Localization/C. Localization/1. Original Images/b. Testing Set/IDRiD_036.jpg,test,localization
IDRiD_037,C. Localization/C. Localization/1. Original Images/a. Training Set/IDRiD_037.jpg,train,localization
IDRiD_037,C. Localization/C. Localization/1. Original Images/b. Testing Set/IDRiD_037.jpg,test,localization
IDRiD_038,C. Localization/C. Localization/1. Original Images/a. Training Set/IDRiD_038.jpg,train,localization
IDRiD_038,C. Localization/C. Localization/1. Original Images/b. Testing Set/IDRiD_038.jpg,test,localization
IDRiD_039,C. Localization/C. Localization/1. Original Images/a. Training Set/IDRiD_039.jpg,train,localization
IDRiD_039,C. Localization/C. Localization/1. Original Images/b. Testing Set/IDRiD_039.jpg,test,localization
IDRiD_040,C. Localization/C. Localization/1. Original Images/a. Training Set/IDRiD_040.jpg,train,localization
IDRiD_040,C. Localization/C. Localization/1. Original Images/b. Testing Set/IDRiD_040.jpg,test,localization
IDRiD_041,C. Localization/C. Localization/1. Original Images/a. Training Set/IDRiD_041.jpg,train,localization
IDRiD_041,C. Localization/C. Localization/1. Original Images/b. Testing Set/IDRiD_041.jpg,test,localization
IDRiD_042,C. Localization/C. Localization/1. Original Images/a. Training Set/IDRiD_042.jpg,train,localization
IDRiD_042,C. Localization/C. Localization/1. Original Images/b. Testing Set/IDRiD_042.jpg,test,localization
IDRiD_043,C. Localization/C. Localization/1. Original Images/a. Training Set/IDRiD_043.jpg,train,localization
IDRiD_043,C. Localization/C. Localization/1. Original Images/b. Testing Set/IDRiD_043.jpg,test,localization
IDRiD_044,C. Localization/C. Localization/1. Original Images/a. Training Set/IDRiD_044.jpg,train,localization
IDRiD_044,C. Localization/C. Localization/1. Original Images/b. Testing Set/IDRiD_044.jpg,test,localization
IDRiD_045,C. Localization/C. Localization/1. Original Images/a. Training Set/IDRiD_045.jpg,train,localization
IDRiD_045,C. Localization/C. Localization/1. Original Images/b. Testing Set/IDRiD_045.jpg,test,localization
IDRiD_046,C. Localization/C. Localization/1. Original Images/a. Training Set/IDRiD_046.jpg,train,localization
IDRiD_046,C. Localization/C. Localization/1. Original Images/b. Testing Set/IDRiD_046.jpg,test,localization
IDRiD_047,C. Localization/C. Localization/1. Original Images/a. Training Set/IDRiD_047.jpg,train,localization
IDRiD_047,C. Localization/C. Localization/1. Original Images/b. Testing Set/IDRiD_047.jpg,test,localization
IDRiD_048,C. Localization/C. Localization/1. Original Images/a. Training Set/IDRiD_048.jpg,train,localization
IDRiD_048,C. Localization/C. Localization/1. Original Images/b. Testing Set/IDRiD_048.jpg,test,localization
IDRiD_049,C. Localization/C. Localization/1. Original Images/a. Training Set/IDRiD_049.jpg,train,localization
IDRiD_049,C. Localization/C. Localization/1. Original Images/b. Testing Set/IDRiD_049.jpg,test,localization
IDRiD_050,C. Localization/C. Localization/1. Original Images/a. Training Set/IDRiD_050.jpg,train,localization
IDRiD_050,C. Localization/C. Localization/1. Original Images/b. Testing Set/IDRiD_050.jpg,test,localization
IDRiD_051,C. Localization/C. Localization/1. Original Images/a. Training Set/IDRiD_051.jpg,train,localization
IDRiD_051,C. Localization/C. Localization/1. Original Images/b. Testing Set/IDRiD_051.jpg,test,localization
IDRiD_052,C. Localization/C. Localization/1. Original Images/a. Training Set/IDRiD_052.jpg,train,localization
IDRiD_052,C. Localization/C. Localization/1. Original Images/b. Testing Set/IDRiD_052.jpg,test,localization
IDRiD_053,C. Localization/C. Localization/1. Original Images/a. Training Set/IDRiD_053.jpg,train,localization
IDRiD_053,C. Localization/C. Localization/1. Original Images/b. Testing Set/IDRiD_053.jpg,test,localization
IDRiD_054,C. Localization/C. Localization/1. Original Images/a. Training Set/IDRiD_054.jpg,train,localization
IDRiD_054,C. Localization/C. Localization/1. Original Images/b. Testing Set/IDRiD_054.jpg,test,localization
IDRiD_055,C. Localization/C. Localization/1. Original Images/a. Training Set/IDRiD_055.jpg,train,localization
IDRiD_055,C. Localization/C. Localization/1. Original Images/b. Testing Set/IDRiD_055.jpg,test,localization
IDRiD_056,C. Localization/C. Localization/1. Original Images/a. Training Set/IDRiD_056.jpg,train,localization
IDRiD_056,C. Localization/C. Localization/1. Original Images/b. Testing Set/IDRiD_056.jpg,test,localization
IDRiD_057,C. Localization/C. Localization/1. Original Images/a. Training Set/IDRiD_057.jpg,train,localization
IDRiD_057,C. Localization/C. Localization/1. Original Images/b. Testing Set/IDRiD_057.jpg,test,localization
IDRiD_058,C. Localization/C. Localization/1. Original Images/a. Training Set/IDRiD_058.jpg,train,localization
IDRiD_058,C. Localization/C. Localization/1. Original Images/b. Testing Set/IDRiD_058.jpg,test,localization
IDRiD_059,C. Localization/C. Localization/1. Original Images/a. Training Set/IDRiD_059.jpg,train,localization
IDRiD_059,C. Localization/C. Localization/1. Original Images/b. Testing Set/IDRiD_059.jpg,test,localization
IDRiD_060,C. Localization/C. Localization/1. Original Images/a. Training Set/IDRiD_060.jpg,train,localization
IDRiD_060,C. Localization/C. Localization/1. Original Images/b. Testing Set/IDRiD_060.jpg,test,localization
IDRiD_061,C. Localization/C. Localization/1. Original Images/a. Training Set/IDRiD_061.jpg,train,localization
IDRiD_061,C. Localization/C. Localization/1. Original Images/b. Testing Set/IDRiD_061.jpg,test,localization
IDRiD_062,C. Localization/C. Localization/1. Original Images/a. Training Set/IDRiD_062.jpg,train,localization
IDRiD_062,C. Localization/C. Localization/1. Original Images/b. Testing Set/IDRiD_062.jpg,test,localization
IDRiD_063,C. Localization/C. Localization/1. Original Images/a. Training Set/IDRiD_063.jpg,train,localization
IDRiD_063,C. Localization/C. Localization/1. Original Images/b. Testing Set/IDRiD_063.jpg,test,localization
IDRiD_064,C. Localization/C. Localization/1. Original Images/a. Training Set/IDRiD_064.jpg,train,localization
IDRiD_064,C. Localization/C. Localization/1. Original Images/b. Testing Set/IDRiD_064.jpg,test,localization
IDRiD_065,C. Localization/C. Localization/1. Original Images/a. Training Set/IDRiD_065.jpg,train,localization
IDRiD_065,C. Localization/C. Localization/1. Original Images/b. Testing Set/IDRiD_065.jpg,test,localization
IDRiD_066,C. Localization/C. Localization/1. Original Images/a. Training Set/IDRiD_066.jpg,train,localization
IDRiD_066,C. Localization/C. Localization/1. Original Images/b. Testing Set/IDRiD_066.jpg,test,localization
IDRiD_067,C. Localization/C. Localization/1. Original Images/a. Training Set/IDRiD_067.jpg,train,localization
IDRiD_067,C. Localization/C. Localization/1. Original Images/b. Testing Set/IDRiD_067.jpg,test,localization
IDRiD_068,C. Localization/C. Localization/1. Original Images/a. Training Set/IDRiD_068.jpg,train,localization
IDRiD_068,C. Localization/C. Localization/1. Original Images/b. Testing Set/IDRiD_068.jpg,test,localization
IDRiD_069,C. Localization/C. Localization/1. Original Images/a. Training Set/IDRiD_069.jpg,train,localization
IDRiD_069,C. Localization/C. Localization/1. Original Images/b. Testing Set/IDRiD_069.jpg,test,localization
IDRiD_070,C. Localization/C. Localization/1. Original Images/a. Training Set/IDRiD_070.jpg,train,localization
IDRiD_070,C. Localization/C. Localization/1. Original Images/b. Testing Set/IDRiD_070.jpg,test,localization
IDRiD_071,C. Localization/C. Localization/1. Original Images/a. Training Set/IDRiD_071.jpg,train,localization
IDRiD_071,C. Localization/C. Localization/1. Original Images/b. Testing Set/IDRiD_071.jpg,test,localization
IDRiD_072,C. Localization/C. Localization/1. Original Images/a. Training Set/IDRiD_072.jpg,train,localization
IDRiD_072,C. Localization/C. Localization/1. Original Images/b. Testing Set/IDRiD_072.jpg,test,localization
IDRiD_073,C. Localization/C. Localization/1. Original Images/a. Training Set/IDRiD_073.jpg,train,localization
IDRiD_073,C. Localization/C. Localization/1. Original Images/b. Testing Set/IDRiD_073.jpg,test,localization
IDRiD_074,C. Localization/C. Localization/1. Original Images/a. Training Set/IDRiD_074.jpg,train,localization
IDRiD_074,C. Localization/C. Localization/1. Original Images/b. Testing Set/IDRiD_074.jpg,test,localization
IDRiD_075,C. Localization/C. Localization/1. Original Images/a. Training Set/IDRiD_075.jpg,train,localization
IDRiD_075,C. Localization/C. Localization/1. Original Images/b. Testing Set/IDRiD_075.jpg,test,localization
IDRiD_076,C. Localization/C. Localization/1. Original Images/a. Training Set/IDRiD_076.jpg,train,localization
IDRiD_076,C. Localization/C. Localization/1. Original Images/b. Testing Set/IDRiD_076.jpg,test,localization
IDRiD_077,C. Localization/C. Localization/1. Original Images/a. Training Set/IDRiD_077.jpg,train,localization
IDRiD_077,C. Localization/C. Localization/1. Original Images/b. Testing Set/IDRiD_077.jpg,test,localization
IDRiD_078,C. Localization/C. Localization/1. Original Images/a. Training Set/IDRiD_078.jpg,train,localization
IDRiD_078,C. Localization/C. Localization/1. Original Images/b. Testing Set/IDRiD_078.jpg,test,localization
IDRiD_079,C. Localization/C. Localization/1. Original Images/a. Training Set/IDRiD_079.jpg,train,localization
IDRiD_079,C. Localization/C. Localization/1. Original Images/b. Testing Set/IDRiD_079.jpg,test,localization
IDRiD_080,C. Localization/C. Localization/1. Original Images/a. Training Set/IDRiD_080.jpg,train,localization
IDRiD_080,C. Localization/C. Localization/1. Original Images/b. Testing Set/IDRiD_080.jpg,test,localization
IDRiD_081,C. Localization/C. Localization/1. Original Images/a. Training Set/IDRiD_081.jpg,train,localization
IDRiD_081,C. Localization/C. Localization/1. Original Images/b. Testing Set/IDRiD_081.jpg,test,localization
IDRiD_082,C. Localization/C. Localization/1. Original Images/a. Training Set/IDRiD_082.jpg,train,localization
IDRiD_082,C. Localization/C. Localization/1. Original Images/b. Testing Set/IDRiD_082.jpg,test,localization
IDRiD_083,C. Localization/C. Localization/1. Original Images/a. Training Set/IDRiD_083.jpg,train,localization
IDRiD_083,C. Localization/C. Localization/1. Original Images/b. Testing Set/IDRiD_083.jpg,test,localization
IDRiD_084,C. Localization/C. Localization/1. Original Images/a. Training Set/IDRiD_084.jpg,train,localization
IDRiD_084,C. Localization/C. Localization/1. Original Images/b. Testing Set/IDRiD_084.jpg,test,localization
IDRiD_085,C. Localization/C. Localization/1. Original Images/a. Training Set/IDRiD_085.jpg,train,localization
IDRiD_085,C. Localization/C. Localization/1. Original Images/b. Testing Set/IDRiD_085.jpg,test,localization
IDRiD_086,C. Localization/C. Localization/1. Original Images/a. Training Set/IDRiD_086.jpg,train,localization
IDRiD_086,C. Localization/C. Localization/1. Original Images/b. Testing Set/IDRiD_086.jpg,test,localization
IDRiD_087,C. Localization/C. Localization/1. Original Images/a. Training Set/IDRiD_087.jpg,train,localization
IDRiD_087,C. Localization/C. Localization/1. Original Images/b. Testing Set/IDRiD_087.jpg,test,localization
IDRiD_088,C. Localization/C. Localization/1. Original Images/a. Training Set/IDRiD_088.jpg,train,localization
IDRiD_088,C. Localization/C. Localization/1. Original Images/b. Testing Set/IDRiD_088.jpg,test,localization
IDRiD_089,C. Localization/C. Localization/1. Original Images/a. Training Set/IDRiD_089.jpg,train,localization
IDRiD_089,C. Localization/C. Localization/1. Original Images/b. Testing Set/IDRiD_089.jpg,test,localization
IDRiD_090,C. Localization/C. Localization/1. Original Images/a. Training Set/IDRiD_090.jpg,train,localization
IDRiD_090,C. Localization/C. Localization/1. Original Images/b. Testing Set/IDRiD_090.jpg,test,localization
IDRiD_091,C. Localization/C. Localization/1. Original Images/a. Training Set/IDRiD_091.jpg,train,localization
IDRiD_091,C. Localization/C. Localization/1. Original Images/b. Testing Set/IDRiD_091.jpg,test,localization
IDRiD_092,C. Localization/C. Localization/1. Original Images/a. Training Set/IDRiD_092.jpg,train,localization
IDRiD_092,C. Localization/C. Localization/1. Original Images/b. Testing Set/IDRiD_092.jpg,test,localization
IDRiD_093,C. Localization/C. Localization/1. Original Images/a. Training Set/IDRiD_093.jpg,train,localization
IDRiD_093,C. Localization/C. Localization/1. Original Images/b. Testing Set/IDRiD_093.jpg,test,localization
IDRiD_094,C. Localization/C. Localization/1. Original Images/a. Training Set/IDRiD_094.jpg,train,localization
IDRiD_094,C. Localization/C. Localization/1. Original Images/b. Testing Set/IDRiD_094.jpg,test,localization
IDRiD_095,C. Localization/C. Localization/1. Original Images/a. Training Set/IDRiD_095.jpg,train,localization
IDRiD_095,C. Localization/C. Localization/1. Original Images/b. Testing Set/IDRiD_095.jpg,test,localization
IDRiD_096,C. Localization/C. Localization/1. Original Images/a. Training Set/IDRiD_096.jpg,train,localization
IDRiD_096,C. Localization/C. Localization/1. Original Images/b. Testing Set/IDRiD_096.jpg,test,localization
IDRiD_097,C. Localization/C. Localization/1. Original Images/a. Training Set/IDRiD_097.jpg,train,localization
IDRiD_097,C. Localization/C. Localization/1. Original Images/b. Testing Set/IDRiD_097.jpg,test,localization
IDRiD_098,C. Localization/C. Localization/1. Original Images/a. Training Set/IDRiD_098.jpg,train,localization
IDRiD_098,C. Localization/C. Localization/1. Original Images/b. Testing Set/IDRiD_098.jpg,test,localization
IDRiD_099,C. Localization/C. Localization/1. Original Images/a. Training Set/IDRiD_099.jpg,train,localization
IDRiD_099,C. Localization/C. Localization/1. Original Images/b. Testing Set/IDRiD_099.jpg,test,localization
IDRiD_100,C. Localization/C. Localization/1. Original Images/a. Training Set/IDRiD_100.jpg,train,localization
IDRiD_100,C. Localization/C. Localization/1. Original Images/b. Testing Set/IDRiD_100.jpg,test,localization
IDRiD_101,C. Localization/C. Localization/1. Original Images/a. Training Set/IDRiD_101.jpg,train,localization
IDRiD_101,C. Localization/C. Localization/1. Original Images/b. Testing Set/IDRiD_101.jpg,test,localization
IDRiD_102,C. Localization/C. Localization/1. Original Images/a. Training Set/IDRiD_102.jpg,train,localization
IDRiD_102,C. Localization/C. Localization/1. Original Images/b. Testing Set/IDRiD_102.jpg,test,localization
IDRiD_103,C. Localization/C. Localization/1. Original Images/a. Training Set/IDRiD_103.jpg,train,localization
IDRiD_103,C. Localization/C. Localization/1. Original Images/b. Testing Set/IDRiD_103.jpg,test,localization
IDRiD_104,C. Localization/C. Localization/1. Original Images/a. Training Set/IDRiD_104.jpg,train,localization
IDRiD_105,C. Localization/C. Localization/1. Original Images/a. Training Set/IDRiD_105.jpg,train,localization
IDRiD_106,C. Localization/C. Localization/1. Original Images/a. Training Set/IDRiD_106.jpg,train,localization
IDRiD_107,C. Localization/C. Localization/1. Original Images/a. Training Set/IDRiD_107.jpg,train,localization
IDRiD_108,C. Localization/C. Localization/1. Original Images/a. Training Set/IDRiD_108.jpg,train,localization
IDRiD_109,C. Localization/C. Localization/1. Original Images/a. Training Set/IDRiD_109.jpg,train,localization
IDRiD_110,C. Localization/C. Localization/1. Original Images/a. Training Set/IDRiD_110.jpg,train,localization
IDRiD_111,C. Localization/C. Localization/1. Original Images/a. Training Set/IDRiD_111.jpg,train,localization
IDRiD_112,C. Localization/C. Localization/1. Original Images/a. Training Set/IDRiD_112.jpg,train,localization
IDRiD_113,C. Localization/C. Localization/1. Original Images/a. Training Set/IDRiD_113.jpg,train,localization
IDRiD_114,C. Localization/C. Localization/1. Original Images/a. Training Set/IDRiD_114.jpg,train,localization
IDRiD_115,C. Localization/C. Localization/1. Original Images/a. Training Set/IDRiD_115.jpg,train,localization
IDRiD_116,C. Localization/C. Localization/1. Original Images/a. Training Set/IDRiD_116.jpg,train,localization
IDRiD_117,C. Localization/C. Localization/1. Original Images/a. Training Set/IDRiD_117.jpg,train,localization
IDRiD_118,C. Localization/C. Localization/1. Original Images/a. Training Set/IDRiD_118.jpg,train,localization
IDRiD_119,C. Localization/C. Localization/1. Original Images/a. Training Set/IDRiD_119.jpg,train,localization
IDRiD_120,C. Localization/C. Localization/1. Original Images/a. Training Set/IDRiD_120.jpg,train,localization
IDRiD_121,C. Localization/C. Localization/1. Original Images/a. Training Set/IDRiD_121.jpg,train,localization
IDRiD_122,C. Localization/C. Localization/1. Original Images/a. Training Set/IDRiD_122.jpg,train,localization
IDRiD_123,C. Localization/C. Localization/1. Original Images/a. Training Set/IDRiD_123.jpg,train,localization
IDRiD_124,C. Localization/C. Localization/1. Original Images/a. Training Set/IDRiD_124.jpg,train,localization
IDRiD_125,C. Localization/C. Localization/1. Original Images/a. Training Set/IDRiD_125.jpg,train,localization
IDRiD_126,C. Localization/C. Localization/1. Original Images/a. Training Set/IDRiD_126.jpg,train,localization
IDRiD_127,C. Localization/C. Localization/1. Original Images/a. Training Set/IDRiD_127.jpg,train,localization
IDRiD_128,C. Localization/C. Localization/1. Original Images/a. Training Set/IDRiD_128.jpg,train,localization
IDRiD_129,C. Localization/C. Localization/1. Original Images/a. Training Set/IDRiD_129.jpg,train,localization
IDRiD_130,C. Localization/C. Localization/1. Original Images/a. Training Set/IDRiD_130.jpg,train,localization
IDRiD_131,C. Localization/C. Localization/1. Original Images/a. Training Set/IDRiD_131.jpg,train,localization
IDRiD_132,C. Localization/C. Localization/1. Original Images/a. Training Set/IDRiD_132.jpg,train,localization
IDRiD_133,C. Localization/C. Localization/1. Original Images/a. Training Set/IDRiD_133.jpg,train,localization
IDRiD_134,C. Localization/C. Localization/1. Original Images/a. Training Set/IDRiD_134.jpg,train,localization
IDRiD_135,C. Localization/C. Localization/1. Original Images/a. Training Set/IDRiD_135.jpg,train,localization
IDRiD_136,C. Localization/C. Localization/1. Original Images/a. Training Set/IDRiD_136.jpg,train,localization
IDRiD_137,C. Localization/C. Localization/1. Original Images/a. Training Set/IDRiD_137.jpg,train,localization
IDRiD_138,C. Localization/C. Localization/1. Original Images/a. Training Set/IDRiD_138.jpg,train,localization
IDRiD_139,C. Localization/C. Localization/1. Original Images/a. Training Set/IDRiD_139.jpg,train,localization
IDRiD_140,C. Localization/C. Localization/1. Original Images/a. Training Set/IDRiD_140.jpg,train,localization
IDRiD_141,C. Localization/C. Localization/1. Original Images/a. Training Set/IDRiD_141.jpg,train,localization
IDRiD_142,C. Localization/C. Localization/1. Original Images/a. Training Set/IDRiD_142.jpg,train,localization
IDRiD_143,C. Localization/C. Localization/1. Original Images/a. Training Set/IDRiD_143.jpg,train,localization
IDRiD_144,C. Localization/C. Localization/1. Original Images/a. Training Set/IDRiD_144.jpg,train,localization
IDRiD_145,C. Localization/C. Localization/1. Original Images/a. Training Set/IDRiD_145.jpg,train,localization
IDRiD_146,C. Localization/C. Localization/1. Original Images/a. Training Set/IDRiD_146.jpg,train,localization
IDRiD_147,C. Localization/C. Localization/1. Original Images/a. Training Set/IDRiD_147.jpg,train,localization
IDRiD_148,C. Localization/C. Localization/1. Original Images/a. Training Set/IDRiD_148.jpg,train,localization
IDRiD_149,C. Localization/C. Localization/1. Original Images/a. Training Set/IDRiD_149.jpg,train,localization
IDRiD_150,C. Localization/C. Localization/1. Original Images/a. Training Set/IDRiD_150.jpg,train,localization
IDRiD_151,C. Localization/C. Localization/1. Original Images/a. Training Set/IDRiD_151.jpg,train,localization
IDRiD_152,C. Localization/C. Localization/1. Original Images/a. Training Set/IDRiD_152.jpg,train,localization
IDRiD_153,C. Localization/C. Localization/1. Original Images/a. Training Set/IDRiD_153.jpg,train,localization
IDRiD_154,C. Localization/C. Localization/1. Original Images/a. Training Set/IDRiD_154.jpg,train,localization
IDRiD_155,C. Localization/C. Localization/1. Original Images/a. Training Set/IDRiD_155.jpg,train,localization
IDRiD_156,C. Localization/C. Localization/1. Original Images/a. Training Set/IDRiD_156.jpg,train,localization
IDRiD_157,C. Localization/C. Localization/1. Original Images/a. Training Set/IDRiD_157.jpg,train,localization
IDRiD_158,C. Localization/C. Localization/1. Original Images/a. Training Set/IDRiD_158.jpg,train,localization
IDRiD_159,C. Localization/C. Localization/1. Original Images/a. Training Set/IDRiD_159.jpg,train,localization
IDRiD_160,C. Localization/C. Localization/1. Original Images/a. Training Set/IDRiD_160.jpg,train,localization
IDRiD_161,C. Localization/C. Localization/1. Original Images/a. Training Set/IDRiD_161.jpg,train,localization
IDRiD_162,C. Localization/C. Localization/1. Original Images/a. Training Set/IDRiD_162.jpg,train,localization
IDRiD_163,C. Localization/C. Localization/1. Original Images/a. Training Set/IDRiD_163.jpg,train,localization
IDRiD_164,C. Localization/C. Localization/1. Original Images/a. Training Set/IDRiD_164.jpg,train,localization
IDRiD_165,C. Localization/C. Localization/1. Original Images/a. Training Set/IDRiD_165.jpg,train,localization
IDRiD_166,C. Localization/C. Localization/1. Original Images/a. Training Set/IDRiD_166.jpg,train,localization
IDRiD_167,C. Localization/C. Localization/1. Original Images/a. Training Set/IDRiD_167.jpg,train,localization
IDRiD_168,C. Localization/C. Localization/1. Original Images/a. Training Set/IDRiD_168.jpg,train,localization
IDRiD_169,C. Localization/C. Localization/1. Original Images/a. Training Set/IDRiD_169.jpg,train,localization
IDRiD_170,C. Localization/C. Localization/1. Original Images/a. Training Set/IDRiD_170.jpg,train,localization
IDRiD_171,C. Localization/C. Localization/1. Original Images/a. Training Set/IDRiD_171.jpg,train,localization
IDRiD_172,C. Localization/C. Localization/1. Original Images/a. Training Set/IDRiD_172.jpg,train,localization
IDRiD_173,C. Localization/C. Localization/1. Original Images/a. Training Set/IDRiD_173.jpg,train,localization
IDRiD_174,C. Localization/C. Localization/1. Original Images/a. Training Set/IDRiD_174.jpg,train,localization
IDRiD_175,C. Localization/C. Localization/1. Original Images/a. Training Set/IDRiD_175.jpg,train,localization
IDRiD_176,C. Localization/C. Localization/1. Original Images/a. Training Set/IDRiD_176.jpg,train,localization
IDRiD_177,C. Localization/C. Localization/1. Original Images/a. Training Set/IDRiD_177.jpg,train,localization
IDRiD_178,C. Localization/C. Localization/1. Original Images/a. Training Set/IDRiD_178.jpg,train,localization
IDRiD_179,C. Localization/C. Localization/1. Original Images/a. Training Set/IDRiD_179.jpg,train,localization
IDRiD_180,C. Localization/C. Localization/1. Original Images/a. Training Set/IDRiD_180.jpg,train,localization
IDRiD_181,C. Localization/C. Localization/1. Original Images/a. Training Set/IDRiD_181.jpg,train,localization
IDRiD_182,C. Localization/C. Localization/1. Original Images/a. Training Set/IDRiD_182.jpg,train,localization
IDRiD_183,C. Localization/C. Localization/1. Original Images/a. Training Set/IDRiD_183.jpg,train,localization
IDRiD_184,C. Localization/C. Localization/1. Original Images/a. Training Set/IDRiD_184.jpg,train,localization
IDRiD_185,C. Localization/C. Localization/1. Original Images/a. Training Set/IDRiD_185.jpg,train,localization
IDRiD_186,C. Localization/C. Localization/1. Original Images/a. Training Set/IDRiD_186.jpg,train,localization
IDRiD_187,C. Localization/C. Localization/1. Original Images/a. Training Set/IDRiD_187.jpg,train,localization
IDRiD_188,C. Localization/C. Localization/1. Original Images/a. Training Set/IDRiD_188.jpg,train,localization
IDRiD_189,C. Localization/C. Localization/1. Original Images/a. Training Set/IDRiD_189.jpg,train,localization
IDRiD_190,C. Localization/C. Localization/1. Original Images/a. Training Set/IDRiD_190.jpg,train,localization
IDRiD_191,C. Localization/C. Localization/1. Original Images/a. Training Set/IDRiD_191.jpg,train,localization
IDRiD_192,C. Localization/C. Localization/1. Original Images/a. Training Set/IDRiD_192.jpg,train,localization
IDRiD_193,C. Localization/C. Localization/1. Original Images/a. Training Set/IDRiD_193.jpg,train,localization
IDRiD_194,C. Localization/C. Localization/1. Original Images/a. Training Set/IDRiD_194.jpg,train,localization
IDRiD_195,C. Localization/C. Localization/1. Original Images/a. Training Set/IDRiD_195.jpg,train,localization
IDRiD_196,C. Localization/C. Localization/1. Original Images/a. Training Set/IDRiD_196.jpg,train,localization
IDRiD_197,C. Localization/C. Localization/1. Original Images/a. Training Set/IDRiD_197.jpg,train,localization
IDRiD_198,C. Localization/C. Localization/1. Original Images/a. Training Set/IDRiD_198.jpg,train,localization
IDRiD_199,C. Localization/C. Localization/1. Original Images/a. Training Set/IDRiD_199.jpg,train,localization
IDRiD_200,C. Localization/C. Localization/1. Original Images/a. Training Set/IDRiD_200.jpg,train,localization
IDRiD_201,C. Localization/C. Localization/1. Original Images/a. Training Set/IDRiD_201.jpg,train,localization
IDRiD_202,C. Localization/C. Localization/1. Original Images/a. Training Set/IDRiD_202.jpg,train,localization
IDRiD_203,C. Localization/C. Localization/1. Original Images/a. Training Set/IDRiD_203.jpg,train,localization
IDRiD_204,C. Localization/C. Localization/1. Original Images/a. Training Set/IDRiD_204.jpg,train,localization
IDRiD_205,C. Localization/C. Localization/1. Original Images/a. Training Set/IDRiD_205.jpg,train,localization
IDRiD_206,C. Localization/C. Localization/1. Original Images/a. Training Set/IDRiD_206.jpg,train,localization
IDRiD_207,C. Localization/C. Localization/1. Original Images/a. Training Set/IDRiD_207.jpg,train,localization
IDRiD_208,C. Localization/C. Localization/1. Original Images/a. Training Set/IDRiD_208.jpg,train,localization
IDRiD_209,C. Localization/C. Localization/1. Original Images/a. Training Set/IDRiD_209.jpg,train,localization
IDRiD_210,C. Localization/C. Localization/1. Original Images/a. Training Set/IDRiD_210.jpg,train,localization
IDRiD_211,C. Localization/C. Localization/1. Original Images/a. Training Set/IDRiD_211.jpg,train,localization
IDRiD_212,C. Localization/C. Localization/1. Original Images/a. Training Set/IDRiD_212.jpg,train,localization
IDRiD_213,C. Localization/C. Localization/1. Original Images/a. Training Set/IDRiD_213.jpg,train,localization
IDRiD_214,C. Localization/C. Localization/1. Original Images/a. Training Set/IDRiD_214.jpg,train,localization
IDRiD_215,C. Localization/C. Localization/1. Original Images/a. Training Set/IDRiD_215.jpg,train,localization
IDRiD_216,C. Localization/C. Localization/1. Original Images/a. Training Set/IDRiD_216.jpg,train,localization
IDRiD_217,C. Localization/C. Localization/1. Original Images/a. Training Set/IDRiD_217.jpg,train,localization
IDRiD_218,C. Localization/C. Localization/1. Original Images/a. Training Set/IDRiD_218.jpg,train,localization
IDRiD_219,C. Localization/C. Localization/1. Original Images/a. Training Set/IDRiD_219.jpg,train,localization
IDRiD_220,C. Localization/C. Localization/1. Original Images/a. Training Set/IDRiD_220.jpg,train,localization
IDRiD_221,C. Localization/C. Localization/1. Original Images/a. Training Set/IDRiD_221.jpg,train,localization
IDRiD_222,C. Localization/C. Localization/1. Original Images/a. Training Set/IDRiD_222.jpg,train,localization
IDRiD_223,C. Localization/C. Localization/1. Original Images/a. Training Set/IDRiD_223.jpg,train,localization
IDRiD_224,C. Localization/C. Localization/1. Original Images/a. Training Set/IDRiD_224.jpg,train,localization
IDRiD_225,C. Localization/C. Localization/1. Original Images/a. Training Set/IDRiD_225.jpg,train,localization
IDRiD_226,C. Localization/C. Localization/1. Original Images/a. Training Set/IDRiD_226.jpg,train,localization
IDRiD_227,C. Localization/C. Localization/1. Original Images/a. Training Set/IDRiD_227.jpg,train,localization
IDRiD_228,C. Localization/C. Localization/1. Original Images/a. Training Set/IDRiD_228.jpg,train,localization
IDRiD_229,C. Localization/C. Localization/1. Original Images/a. Training Set/IDRiD_229.jpg,train,localization
IDRiD_230,C. Localization/C. Localization/1. Original Images/a. Training Set/IDRiD_230.jpg,train,localization
IDRiD_231,C. Localization/C. Localization/1. Original Images/a. Training Set/IDRiD_231.jpg,train,localization
IDRiD_232,C. Localization/C. Localization/1. Original Images/a. Training Set/IDRiD_232.jpg,train,localization
IDRiD_233,C. Localization/C. Localization/1. Original Images/a. Training Set/IDRiD_233.jpg,train,localization
IDRiD_234,C. Localization/C. Localization/1. Original Images/a. Training Set/IDRiD_234.jpg,train,localization
IDRiD_235,C. Localization/C. Localization/1. Original Images/a. Training Set/IDRiD_235.jpg,train,localization
IDRiD_236,C. Localization/C. Localization/1. Original Images/a. Training Set/IDRiD_236.jpg,train,localization
IDRiD_237,C. Localization/C. Localization/1. Original Images/a. Training Set/IDRiD_237.jpg,train,localization
IDRiD_238,C. Localization/C. Localization/1. Original Images/a. Training Set/IDRiD_238.jpg,train,localization
IDRiD_239,C. Localization/C. Localization/1. Original Images/a. Training Set/IDRiD_239.jpg,train,localization
IDRiD_240,C. Localization/C. Localization/1. Original Images/a. Training Set/IDRiD_240.jpg,train,localization
IDRiD_241,C. Localization/C. Localization/1. Original Images/a. Training Set/IDRiD_241.jpg,train,localization
IDRiD_242,C. Localization/C. Localization/1. Original Images/a. Training Set/IDRiD_242.jpg,train,localization
IDRiD_243,C. Localization/C. Localization/1. Original Images/a. Training Set/IDRiD_243.jpg,train,localization
IDRiD_244,C. Localization/C. Localization/1. Original Images/a. Training Set/IDRiD_244.jpg,train,localization
IDRiD_245,C. Localization/C. Localization/1. Original Images/a. Training Set/IDRiD_245.jpg,train,localization
IDRiD_246,C. Localization/C. Localization/1. Original Images/a. Training Set/IDRiD_246.jpg,train,localization
IDRiD_247,C. Localization/C. Localization/1. Original Images/a. Training Set/IDRiD_247.jpg,train,localization
IDRiD_248,C. Localization/C. Localization/1. Original Images/a. Training Set/IDRiD_248.jpg,train,localization
IDRiD_249,C. Localization/C. Localization/1. Original Images/a. Training Set/IDRiD_249.jpg,train,localization
IDRiD_250,C. Localization/C. Localization/1. Original Images/a. Training Set/IDRiD_250.jpg,train,localization
IDRiD_251,C. Localization/C. Localization/1. Original Images/a. Training Set/IDRiD_251.jpg,train,localization
IDRiD_252,C. Localization/C. Localization/1. Original Images/a. Training Set/IDRiD_252.jpg,train,localization
IDRiD_253,C. Localization/C. Localization/1. Original Images/a. Training Set/IDRiD_253.jpg,train,localization
IDRiD_254,C. Localization/C. Localization/1. Original Images/a. Training Set/IDRiD_254.jpg,train,localization
IDRiD_255,C. Localization/C. Localization/1. Original Images/a. Training Set/IDRiD_255.jpg,train,localization
IDRiD_256,C. Localization/C. Localization/1. Original Images/a. Training Set/IDRiD_256.jpg,train,localization
IDRiD_257,C. Localization/C. Localization/1. Original Images/a. Training Set/IDRiD_257.jpg,train,localization
IDRiD_258,C. Localization/C. Localization/1. Original Images/a. Training Set/IDRiD_258.jpg,train,localization
IDRiD_259,C. Localization/C. Localization/1. Original Images/a. Training Set/IDRiD_259.jpg,train,localization
IDRiD_260,C. Localization/C. Localization/1. Original Images/a. Training Set/IDRiD_260.jpg,train,localization
IDRiD_261,C. Localization/C. Localization/1. Original Images/a. Training Set/IDRiD_261.jpg,train,localization
IDRiD_262,C. Localization/C. Localization/1. Original Images/a. Training Set/IDRiD_262.jpg,train,localization
IDRiD_263,C. Localization/C. Localization/1. Original Images/a. Training Set/IDRiD_263.jpg,train,localization
IDRiD_264,C. Localization/C. Localization/1. Original Images/a. Training Set/IDRiD_264.jpg,train,localization
IDRiD_265,C. Localization/C. Localization/1. Original Images/a. Training Set/IDRiD_265.jpg,train,localization
IDRiD_266,C. Localization/C. Localization/1. Original Images/a. Training Set/IDRiD_266.jpg,train,localization
IDRiD_267,C. Localization/C. Localization/1. Original Images/a. Training Set/IDRiD_267.jpg,train,localization
IDRiD_268,C. Localization/C. Localization/1. Original Images/a. Training Set/IDRiD_268.jpg,train,localization
IDRiD_269,C. Localization/C. Localization/1. Original Images/a. Training Set/IDRiD_269.jpg,train,localization
IDRiD_270,C. Localization/C. Localization/1. Original Images/a. Training Set/IDRiD_270.jpg,train,localization
IDRiD_271,C. Localization/C. Localization/1. Original Images/a. Training Set/IDRiD_271.jpg,train,localization
IDRiD_272,C. Localization/C. Localization/1. Original Images/a. Training Set/IDRiD_272.jpg,train,localization
IDRiD_273,C. Localization/C. Localization/1. Original Images/a. Training Set/IDRiD_273.jpg,train,localization
IDRiD_274,C. Localization/C. Localization/1. Original Images/a. Training Set/IDRiD_274.jpg,train,localization
IDRiD_275,C. Localization/C. Localization/1. Original Images/a. Training Set/IDRiD_275.jpg,train,localization
IDRiD_276,C. Localization/C. Localization/1. Original Images/a. Training Set/IDRiD_276.jpg,train,localization
IDRiD_277,C. Localization/C. Localization/1. Original Images/a. Training Set/IDRiD_277.jpg,train,localization
IDRiD_278,C. Localization/C. Localization/1. Original Images/a. Training Set/IDRiD_278.jpg,train,localization
IDRiD_279,C. Localization/C. Localization/1. Original Images/a. Training Set/IDRiD_279.jpg,train,localization
IDRiD_280,C. Localization/C. Localization/1. Original Images/a. Training Set/IDRiD_280.jpg,train,localization
IDRiD_281,C. Localization/C. Localization/1. Original Images/a. Training Set/IDRiD_281.jpg,train,localization
IDRiD_282,C. Localization/C. Localization/1. Original Images/a. Training Set/IDRiD_282.jpg,train,localization
IDRiD_283,C. Localization/C. Localization/1. Original Images/a. Training Set/IDRiD_283.jpg,train,localization
IDRiD_284,C. Localization/C. Localization/1. Original Images/a. Training Set/IDRiD_284.jpg,train,localization
IDRiD_285,C. Localization/C. Localization/1. Original Images/a. Training Set/IDRiD_285.jpg,train,localization
IDRiD_286,C. Localization/C. Localization/1. Original Images/a. Training Set/IDRiD_286.jpg,train,localization
IDRiD_287,C. Localization/C. Localization/1. Original Images/a. Training Set/IDRiD_287.jpg,train,localization
IDRiD_288,C. Localization/C. Localization/1. Original Images/a. Training Set/IDRiD_288.jpg,train,localization
IDRiD_289,C. Localization/C. Localization/1. Original Images/a. Training Set/IDRiD_289.jpg,train,localization
IDRiD_290,C. Localization/C. Localization/1. Original Images/a. Training Set/IDRiD_290.jpg,train,localization
IDRiD_291,C. Localization/C. Localization/1. Original Images/a. Training Set/IDRiD_291.jpg,train,localization
IDRiD_292,C. Localization/C. Localization/1. Original Images/a. Training Set/IDRiD_292.jpg,train,localization
IDRiD_293,C. Localization/C. Localization/1. Original Images/a. Training Set/IDRiD_293.jpg,train,localization
IDRiD_294,C. Localization/C. Localization/1. Original Images/a. Training Set/IDRiD_294.jpg,train,localization
IDRiD_295,C. Localization/C. Localization/1. Original Images/a. Training Set/IDRiD_295.jpg,train,localization
IDRiD_296,C. Localization/C. Localization/1. Original Images/a. Training Set/IDRiD_296.jpg,train,localization
IDRiD_297,C. Localization/C. Localization/1. Original Images/a. Training Set/IDRiD_297.jpg,train,localization
IDRiD_298,C. Localization/C. Localization/1. Original Images/a. Training Set/IDRiD_298.jpg,train,localization
IDRiD_299,C. Localization/C. Localization/1. Original Images/a. Training Set/IDRiD_299.jpg,train,localization
IDRiD_300,C. Localization/C. Localization/1. Original Images/a. Training Set/IDRiD_300.jpg,train,localization
IDRiD_301,C. Localization/C. Localization/1. Original Images/a. Training Set/IDRiD_301.jpg,train,localization
IDRiD_302,C. Localization/C. Localization/1. Original Images/a. Training Set/IDRiD_302.jpg,train,localization
IDRiD_303,C. Localization/C. Localization/1. Original Images/a. Training Set/IDRiD_303.jpg,train,localization
IDRiD_304,C. Localization/C. Localization/1. Original Images/a. Training Set/IDRiD_304.jpg,train,localization
IDRiD_305,C. Localization/C. Localization/1. Original Images/a. Training Set/IDRiD_305.jpg,train,localization
IDRiD_306,C. Localization/C. Localization/1. Original Images/a. Training Set/IDRiD_306.jpg,train,localization
IDRiD_307,C. Localization/C. Localization/1. Original Images/a. Training Set/IDRiD_307.jpg,train,localization
IDRiD_308,C. Localization/C. Localization/1. Original Images/a. Training Set/IDRiD_308.jpg,train,localization
IDRiD_309,C. Localization/C. Localization/1. Original Images/a. Training Set/IDRiD_309.jpg,train,localization
IDRiD_310,C. Localization/C. Localization/1. Original Images/a. Training Set/IDRiD_310.jpg,train,localization
IDRiD_311,C. Localization/C. Localization/1. Original Images/a. Training Set/IDRiD_311.jpg,train,localization
IDRiD_312,C. Localization/C. Localization/1. Original Images/a. Training Set/IDRiD_312.jpg,train,localization
IDRiD_313,C. Localization/C. Localization/1. Original Images/a. Training Set/IDRiD_313.jpg,train,localization
IDRiD_314,C. Localization/C. Localization/1. Original Images/a. Training Set/IDRiD_314.jpg,train,localization
IDRiD_315,C. Localization/C. Localization/1. Original Images/a. Training Set/IDRiD_315.jpg,train,localization
IDRiD_316,C. Localization/C. Localization/1. Original Images/a. Training Set/IDRiD_316.jpg,train,localization
IDRiD_317,C. Localization/C. Localization/1. Original Images/a. Training Set/IDRiD_317.jpg,train,localization
IDRiD_318,C. Localization/C. Localization/1. Original Images/a. Training Set/IDRiD_318.jpg,train,localization
IDRiD_319,C. Localization/C. Localization/1. Original Images/a. Training Set/IDRiD_319.jpg,train,localization
IDRiD_320,C. Localization/C. Localization/1. Original Images/a. Training Set/IDRiD_320.jpg,train,localization
IDRiD_321,C. Localization/C. Localization/1. Original Images/a. Training Set/IDRiD_321.jpg,train,localization
IDRiD_322,C. Localization/C. Localization/1. Original Images/a. Training Set/IDRiD_322.jpg,train,localization
IDRiD_323,C. Localization/C. Localization/1. Original Images/a. Training Set/IDRiD_323.jpg,train,localization
IDRiD_324,C. Localization/C. Localization/1. Original Images/a. Training Set/IDRiD_324.jpg,train,localization
IDRiD_325,C. Localization/C. Localization/1. Original Images/a. Training Set/IDRiD_325.jpg,train,localization
IDRiD_326,C. Localization/C. Localization/1. Original Images/a. Training Set/IDRiD_326.jpg,train,localization
IDRiD_327,C. Localization/C. Localization/1. Original Images/a. Training Set/IDRiD_327.jpg,train,localization
IDRiD_328,C. Localization/C. Localization/1. Original Images/a. Training Set/IDRiD_328.jpg,train,localization
IDRiD_329,C. Localization/C. Localization/1. Original Images/a. Training Set/IDRiD_329.jpg,train,localization
IDRiD_330,C. Localization/C. Localization/1. Original Images/a. Training Set/IDRiD_330.jpg,train,localization
IDRiD_331,C. Localization/C. Localization/1. Original Images/a. Training Set/IDRiD_331.jpg,train,localization
IDRiD_332,C. Localization/C. Localization/1. Original Images/a. Training Set/IDRiD_332.jpg,train,localization
IDRiD_333,C. Localization/C. Localization/1. Original Images/a. Training Set/IDRiD_333.jpg,train,localization
IDRiD_334,C. Localization/C. Localization/1. Original Images/a. Training Set/IDRiD_334.jpg,train,localization
IDRiD_335,C. Localization/C. Localization/1. Original Images/a. Training Set/IDRiD_335.jpg,train,localization
IDRiD_336,C. Localization/C. Localization/1. Original Images/a. Training Set/IDRiD_336.jpg,train,localization
IDRiD_337,C. Localization/C. Localization/1. Original Images/a. Training Set/IDRiD_337.jpg,train,localization
IDRiD_338,C. Localization/C. Localization/1. Original Images/a. Training Set/IDRiD_338.jpg,train,localization
IDRiD_339,C. Localization/C. Localization/1. Original Images/a. Training Set/IDRiD_339.jpg,train,localization
IDRiD_340,C. Localization/C. Localization/1. Original Images/a. Training Set/IDRiD_340.jpg,train,localization
IDRiD_341,C. Localization/C. Localization/1. Original Images/a. Training Set/IDRiD_341.jpg,train,localization
IDRiD_342,C. Localization/C. Localization/1. Original Images/a. Training Set/IDRiD_342.jpg,train,localization
IDRiD_343,C. Localization/C. Localization/1. Original Images/a. Training Set/IDRiD_343.jpg,train,localization
IDRiD_344,C. Localization/C. Localization/1. Original Images/a. Training Set/IDRiD_344.jpg,train,localization
IDRiD_345,C. Localization/C. Localization/1. Original Images/a. Training Set/IDRiD_345.jpg,train,localization
IDRiD_346,C. Localization/C. Localization/1. Original Images/a. Training Set/IDRiD_346.jpg,train,localization
IDRiD_347,C. Localization/C. Localization/1. Original Images/a. Training Set/IDRiD_347.jpg,train,localization
IDRiD_348,C. Localization/C. Localization/1. Original Images/a. Training Set/IDRiD_348.jpg,train,localization
IDRiD_349,C. Localization/C. Localization/1. Original Images/a. Training Set/IDRiD_349.jpg,train,localization
IDRiD_350,C. Localization/C. Localization/1. Original Images/a. Training Set/IDRiD_350.jpg,train,localization
IDRiD_351,C. Localization/C. Localization/1. Original Images/a. Training Set/IDRiD_351.jpg,train,localization
IDRiD_352,C. Localization/C. Localization/1. Original Images/a. Training Set/IDRiD_352.jpg,train,localization
IDRiD_353,C. Localization/C. Localization/1. Original Images/a. Training Set/IDRiD_353.jpg,train,localization
IDRiD_354,C. Localization/C. Localization/1. Original Images/a. Training Set/IDRiD_354.jpg,train,localization
IDRiD_355,C. Localization/C. Localization/1. Original Images/a. Training Set/IDRiD_355.jpg,train,localization
IDRiD_356,C. Localization/C. Localization/1. Original Images/a. Training Set/IDRiD_356.jpg,train,localization
IDRiD_357,C. Localization/C. Localization/1. Original Images/a. Training Set/IDRiD_357.jpg,train,localization
IDRiD_358,C. Localization/C. Localization/1. Original Images/a. Training Set/IDRiD_358.jpg,train,localization
IDRiD_359,C. Localization/C. Localization/1. Original Images/a. Training Set/IDRiD_359.jpg,train,localization
IDRiD_360,C. Localization/C. Localization/1. Original Images/a. Training Set/IDRiD_360.jpg,train,localization
IDRiD_361,C. Localization/C. Localization/1. Original Images/a. Training Set/IDRiD_361.jpg,train,localization
IDRiD_362,C. Localization/C. Localization/1. Original Images/a. Training Set/IDRiD_362.jpg,train,localization
IDRiD_363,C. Localization/C. Localization/1. Original Images/a. Training Set/IDRiD_363.jpg,train,localization
IDRiD_364,C. Localization/C. Localization/1. Original Images/a. Training Set/IDRiD_364.jpg,train,localization
IDRiD_365,C. Localization/C. Localization/1. Original Images/a. Training Set/IDRiD_365.jpg,train,localization
IDRiD_366,C. Localization/C. Localization/1. Original Images/a. Training Set/IDRiD_366.jpg,train,localization
IDRiD_367,C. Localization/C. Localization/1. Original Images/a. Training Set/IDRiD_367.jpg,train,localization
IDRiD_368,C. Localization/C. Localization/1. Original Images/a. Training Set/IDRiD_368.jpg,train,localization
IDRiD_369,C. Localization/C. Localization/1. Original Images/a. Training Set/IDRiD_369.jpg,train,localization
IDRiD_370,C. Localization/C. Localization/1. Original Images/a. Training Set/IDRiD_370.jpg,train,localization
IDRiD_371,C. Localization/C. Localization/1. Original Images/a. Training Set/IDRiD_371.jpg,train,localization
IDRiD_372,C. Localization/C. Localization/1. Original Images/a. Training Set/IDRiD_372.jpg,train,localization
IDRiD_373,C. Localization/C. Localization/1. Original Images/a. Training Set/IDRiD_373.jpg,train,localization
IDRiD_374,C. Localization/C. Localization/1. Original Images/a. Training Set/IDRiD_374.jpg,train,localization
IDRiD_375,C. Localization/C. Localization/1. Original Images/a. Training Set/IDRiD_375.jpg,train,localization
IDRiD_376,C. Localization/C. Localization/1. Original Images/a. Training Set/IDRiD_376.jpg,train,localization
IDRiD_377,C. Localization/C. Localization/1. Original Images/a. Training Set/IDRiD_377.jpg,train,localization
IDRiD_378,C. Localization/C. Localization/1. Original Images/a. Training Set/IDRiD_378.jpg,train,localization
IDRiD_379,C. Localization/C. Localization/1. Original Images/a. Training Set/IDRiD_379.jpg,train,localization
IDRiD_380,C. Localization/C. Localization/1. Original Images/a. Training Set/IDRiD_380.jpg,train,localization
IDRiD_381,C. Localization/C. Localization/1. Original Images/a. Training Set/IDRiD_381.jpg,train,localization
IDRiD_382,C. Localization/C. Localization/1. Original Images/a. Training Set/IDRiD_382.jpg,train,localization
IDRiD_383,C. Localization/C. Localization/1. Original Images/a. Training Set/IDRiD_383.jpg,train,localization
IDRiD_384,C. Localization/C. Localization/1. Original Images/a. Training Set/IDRiD_384.jpg,train,localization
IDRiD_385,C. Localization/C. Localization/1. Original Images/a. Training Set/IDRiD_385.jpg,train,localization
IDRiD_386,C. Localization/C. Localization/1. Original Images/a. Training Set/IDRiD_386.jpg,train,localization
IDRiD_387,C. Localization/C. Localization/1. Original Images/a. Training Set/IDRiD_387.jpg,train,localization
IDRiD_388,C. Localization/C. Localization/1. Original Images/a. Training Set/IDRiD_388.jpg,train,localization
IDRiD_389,C. Localization/C. Localization/1. Original Images/a. Training Set/IDRiD_389.jpg,train,localization
IDRiD_390,C. Localization/C. Localization/1. Original Images/a. Training Set/IDRiD_390.jpg,train,localization
IDRiD_391,C. Localization/C. Localization/1. Original Images/a. Training Set/IDRiD_391.jpg,train,localization
IDRiD_392,C. Localization/C. Localization/1. Original Images/a. Training Set/IDRiD_392.jpg,train,localization
IDRiD_393,C. Localization/C. Localization/1. Original Images/a. Training Set/IDRiD_393.jpg,train,localization
IDRiD_394,C. Localization/C. Localization/1. Original Images/a. Training Set/IDRiD_394.jpg,train,localization
IDRiD_395,C. Localization/C. Localization/1. Original Images/a. Training Set/IDRiD_395.jpg,train,localization
IDRiD_396,C. Localization/C. Localization/1. Original Images/a. Training Set/IDRiD_396.jpg,train,localization
IDRiD_397,C. Localization/C. Localization/1. Original Images/a. Training Set/IDRiD_397.jpg,train,localization
IDRiD_398,C. Localization/C. Localization/1. Original Images/a. Training Set/IDRiD_398.jpg,train,localization
IDRiD_399,C. Localization/C. Localization/1. Original Images/a. Training Set/IDRiD_399.jpg,train,localization
IDRiD_400,C. Localization/C. Localization/1. Original Images/a. Training Set/IDRiD_400.jpg,train,localization
IDRiD_401,C. Localization/C. Localization/1. Original Images/a. Training Set/IDRiD_401.jpg,train,localization
IDRiD_402,C. Localization/C. Localization/1. Original Images/a. Training Set/IDRiD_402.jpg,train,localization
IDRiD_403,C. Localization/C. Localization/1. Original Images/a. Training Set/IDRiD_403.jpg,train,localization
IDRiD_404,C. Localization/C. Localization/1. Original Images/a. Training Set/IDRiD_404.jpg,train,localization
IDRiD_405,C. Localization/C. Localization/1. Original Images/a. Training Set/IDRiD_405.jpg,train,localization
IDRiD_406,C. Localization/C. Localization/1. Original Images/a. Training Set/IDRiD_406.jpg,train,localization
IDRiD_407,C. Localization/C. Localization/1. Original Images/a. Training Set/IDRiD_407.jpg,train,localization
IDRiD_408,C. Localization/C. Localization/1. Original Images/a. Training Set/IDRiD_408.jpg,train,localization
IDRiD_409,C. Localization/C. Localization/1. Original Images/a. Training Set/IDRiD_409.jpg,train,localization
IDRiD_410,C. Localization/C. Localization/1. Original Images/a. Training Set/IDRiD_410.jpg,train,localization
IDRiD_411,C. Localization/C. Localization/1. Original Images/a. Training Set/IDRiD_411.jpg,train,localization
IDRiD_412,C. Localization/C. Localization/1. Original Images/a. Training Set/IDRiD_412.jpg,train,localization
IDRiD_413,C. Localization/C. Localization/1. Original Images/a. Training Set/IDRiD_413.jpg,train,localization
